area;level3;level3_name;area_name;level2;level2_name;level1;level1_name;value;denominator;numerator;type;name_cil;name_ciu;name_denominator;name_numerator;period
1;1;Alle kontakter;Finnmark;1;Primærhelsetjenesten;1;Barn 0-16 år, totalt;158098;15332;24086;Rate;ll;ul;Innbyggere;Opphold;2011-2014
2;1;Alle kontakter;UNN;1;Primærhelsetjenesten;1;Barn 0-16 år, totalt;160652;37609;60291;Rate;ll;ul;Innbyggere;Opphold;2011-2014
3;1;Alle kontakter;Nordland;1;Primærhelsetjenesten;1;Barn 0-16 år, totalt;154949;43186;66383;Rate;ll;ul;Innbyggere;Opphold;2011-2014
6;1;Alle kontakter;Nord-Trøndelag;1;Primærhelsetjenesten;1;Barn 0-16 år, totalt;172279;29056;49585;Rate;ll;ul;Innbyggere;Opphold;2011-2014
7;1;Alle kontakter;St. Olavs;1;Primærhelsetjenesten;1;Barn 0-16 år, totalt;160625;62253;100562;Rate;ll;ul;Innbyggere;Opphold;2011-2014
8;1;Alle kontakter;Møre og Romsdal;1;Primærhelsetjenesten;1;Barn 0-16 år, totalt;164622;54199;88575;Rate;ll;ul;Innbyggere;Opphold;2011-2014
10;1;Alle kontakter;Førde;1;Primærhelsetjenesten;1;Barn 0-16 år, totalt;165661;23330;38251;Rate;ll;ul;Innbyggere;Opphold;2011-2014
11;1;Alle kontakter;Bergen;1;Primærhelsetjenesten;1;Barn 0-16 år, totalt;153231;91673;141518;Rate;ll;ul;Innbyggere;Opphold;2011-2014
12;1;Alle kontakter;Fonna;1;Primærhelsetjenesten;1;Barn 0-16 år, totalt;162108;39744;64176;Rate;ll;ul;Innbyggere;Opphold;2011-2014
13;1;Alle kontakter;Stavanger;1;Primærhelsetjenesten;1;Barn 0-16 år, totalt;166592;81507;137743;Rate;ll;ul;Innbyggere;Opphold;2011-2014
14;1;Alle kontakter;Østfold;1;Primærhelsetjenesten;1;Barn 0-16 år, totalt;173040;57341;98262;Rate;ll;ul;Innbyggere;Opphold;2011-2014
15;1;Alle kontakter;Akershus;1;Primærhelsetjenesten;1;Barn 0-16 år, totalt;181220;108469;196474;Rate;ll;ul;Innbyggere;Opphold;2011-2014
16;1;Alle kontakter;OUS;1;Primærhelsetjenesten;1;Barn 0-16 år, totalt;164244;95564;166702;Rate;ll;ul;Innbyggere;Opphold;2011-2014
19;1;Alle kontakter;Innlandet;1;Primærhelsetjenesten;1;Barn 0-16 år, totalt;165394;75231;122865;Rate;ll;ul;Innbyggere;Opphold;2011-2014
20;1;Alle kontakter;Vestre Viken;1;Primærhelsetjenesten;1;Barn 0-16 år, totalt;178204;100582;178110;Rate;ll;ul;Innbyggere;Opphold;2011-2014
21;1;Alle kontakter;Vestfold;1;Primærhelsetjenesten;1;Barn 0-16 år, totalt;181195;45330;81297;Rate;ll;ul;Innbyggere;Opphold;2011-2014
22;1;Alle kontakter;Telemark;1;Primærhelsetjenesten;1;Barn 0-16 år, totalt;154442;33344;50973;Rate;ll;ul;Innbyggere;Opphold;2011-2014
23;1;Alle kontakter;Sørlandet;1;Primærhelsetjenesten;1;Barn 0-16 år, totalt;174781;63768;111357;Rate;ll;ul;Innbyggere;Opphold;2011-2014
8888;1;Alle kontakter;Norge;1;Primærhelsetjenesten;1;Barn 0-16 år, totalt;167731;1057514;1777206;Rate;ll;ul;Innbyggere;Opphold;2011-2014
1;2;Alle kontakter;Finnmark;2;Spesialisthelsetjenesten;1;Barn 0-16 år, totalt;72062;15332;11026;Rate;ll;ul;Innbyggere;Opphold;2011-2014
2;2;Alle kontakter;UNN;2;Spesialisthelsetjenesten;1;Barn 0-16 år, totalt;72337;37609;27187;Rate;ll;ul;Innbyggere;Opphold;2011-2014
3;2;Alle kontakter;Nordland;2;Spesialisthelsetjenesten;1;Barn 0-16 år, totalt;76965;43186;33056;Rate;ll;ul;Innbyggere;Opphold;2011-2014
6;2;Alle kontakter;Nord-Trøndelag;2;Spesialisthelsetjenesten;1;Barn 0-16 år, totalt;92527;29056;26802;Rate;ll;ul;Innbyggere;Opphold;2011-2014
7;2;Alle kontakter;St. Olavs;2;Spesialisthelsetjenesten;1;Barn 0-16 år, totalt;85418;62253;53287;Rate;ll;ul;Innbyggere;Opphold;2011-2014
8;2;Alle kontakter;Møre og Romsdal;2;Spesialisthelsetjenesten;1;Barn 0-16 år, totalt;83777;54199;45280;Rate;ll;ul;Innbyggere;Opphold;2011-2014
10;2;Alle kontakter;Førde;2;Spesialisthelsetjenesten;1;Barn 0-16 år, totalt;86411;23330;20073;Rate;ll;ul;Innbyggere;Opphold;2011-2014
11;2;Alle kontakter;Bergen;2;Spesialisthelsetjenesten;1;Barn 0-16 år, totalt;86385;91673;79433;Rate;ll;ul;Innbyggere;Opphold;2011-2014
12;2;Alle kontakter;Fonna;2;Spesialisthelsetjenesten;1;Barn 0-16 år, totalt;73029;39744;28979;Rate;ll;ul;Innbyggere;Opphold;2011-2014
13;2;Alle kontakter;Stavanger;2;Spesialisthelsetjenesten;1;Barn 0-16 år, totalt;66872;81507;55077;Rate;ll;ul;Innbyggere;Opphold;2011-2014
14;2;Alle kontakter;Østfold;2;Spesialisthelsetjenesten;1;Barn 0-16 år, totalt;82009;57341;46864;Rate;ll;ul;Innbyggere;Opphold;2011-2014
15;2;Alle kontakter;Akershus;2;Spesialisthelsetjenesten;1;Barn 0-16 år, totalt;87167;108469;94540;Rate;ll;ul;Innbyggere;Opphold;2011-2014
16;2;Alle kontakter;OUS;2;Spesialisthelsetjenesten;1;Barn 0-16 år, totalt;89548;95564;86036;Rate;ll;ul;Innbyggere;Opphold;2011-2014
19;2;Alle kontakter;Innlandet;2;Spesialisthelsetjenesten;1;Barn 0-16 år, totalt;76079;75231;57060;Rate;ll;ul;Innbyggere;Opphold;2011-2014
20;2;Alle kontakter;Vestre Viken;2;Spesialisthelsetjenesten;1;Barn 0-16 år, totalt;78673;100582;78955;Rate;ll;ul;Innbyggere;Opphold;2011-2014
21;2;Alle kontakter;Vestfold;2;Spesialisthelsetjenesten;1;Barn 0-16 år, totalt;76506;45330;34508;Rate;ll;ul;Innbyggere;Opphold;2011-2014
22;2;Alle kontakter;Telemark;2;Spesialisthelsetjenesten;1;Barn 0-16 år, totalt;79504;33344;26364;Rate;ll;ul;Innbyggere;Opphold;2011-2014
23;2;Alle kontakter;Sørlandet;2;Spesialisthelsetjenesten;1;Barn 0-16 år, totalt;94737;63768;60343;Rate;ll;ul;Innbyggere;Opphold;2011-2014
8888;2;Alle kontakter;Norge;2;Spesialisthelsetjenesten;1;Barn 0-16 år, totalt;81759;1057514;864867;Rate;ll;ul;Innbyggere;Opphold;2011-2014
1;3;Innleggelser;Finnmark;2;Spesialisthelsetjenesten;1;Barn 0-16 år, totalt;6449;15332;974;Rate;ll;ul;Innbyggere;Opphold;2011-2014
2;3;Innleggelser;UNN;2;Spesialisthelsetjenesten;1;Barn 0-16 år, totalt;4697;37609;1757;Rate;ll;ul;Innbyggere;Opphold;2011-2014
3;3;Innleggelser;Nordland;2;Spesialisthelsetjenesten;1;Barn 0-16 år, totalt;7292;43186;3080;Rate;ll;ul;Innbyggere;Opphold;2011-2014
6;3;Innleggelser;Nord-Trøndelag;2;Spesialisthelsetjenesten;1;Barn 0-16 år, totalt;6853;29056;1951;Rate;ll;ul;Innbyggere;Opphold;2011-2014
7;3;Innleggelser;St. Olavs;2;Spesialisthelsetjenesten;1;Barn 0-16 år, totalt;5359;62253;3380;Rate;ll;ul;Innbyggere;Opphold;2011-2014
8;3;Innleggelser;Møre og Romsdal;2;Spesialisthelsetjenesten;1;Barn 0-16 år, totalt;6533;54199;3495;Rate;ll;ul;Innbyggere;Opphold;2011-2014
10;3;Innleggelser;Førde;2;Spesialisthelsetjenesten;1;Barn 0-16 år, totalt;7034;23330;1600;Rate;ll;ul;Innbyggere;Opphold;2011-2014
11;3;Innleggelser;Bergen;2;Spesialisthelsetjenesten;1;Barn 0-16 år, totalt;5804;91673;5399;Rate;ll;ul;Innbyggere;Opphold;2011-2014
12;3;Innleggelser;Fonna;2;Spesialisthelsetjenesten;1;Barn 0-16 år, totalt;6380;39744;2521;Rate;ll;ul;Innbyggere;Opphold;2011-2014
13;3;Innleggelser;Stavanger;2;Spesialisthelsetjenesten;1;Barn 0-16 år, totalt;5155;81507;4314;Rate;ll;ul;Innbyggere;Opphold;2011-2014
14;3;Innleggelser;Østfold;2;Spesialisthelsetjenesten;1;Barn 0-16 år, totalt;5264;57341;2959;Rate;ll;ul;Innbyggere;Opphold;2011-2014
15;3;Innleggelser;Akershus;2;Spesialisthelsetjenesten;1;Barn 0-16 år, totalt;5064;108469;5482;Rate;ll;ul;Innbyggere;Opphold;2011-2014
16;3;Innleggelser;OUS;2;Spesialisthelsetjenesten;1;Barn 0-16 år, totalt;4251;95564;4540;Rate;ll;ul;Innbyggere;Opphold;2011-2014
19;3;Innleggelser;Innlandet;2;Spesialisthelsetjenesten;1;Barn 0-16 år, totalt;6861;75231;5008;Rate;ll;ul;Innbyggere;Opphold;2011-2014
20;3;Innleggelser;Vestre Viken;2;Spesialisthelsetjenesten;1;Barn 0-16 år, totalt;4487;100582;4468;Rate;ll;ul;Innbyggere;Opphold;2011-2014
21;3;Innleggelser;Vestfold;2;Spesialisthelsetjenesten;1;Barn 0-16 år, totalt;7851;45330;3476;Rate;ll;ul;Innbyggere;Opphold;2011-2014
22;3;Innleggelser;Telemark;2;Spesialisthelsetjenesten;1;Barn 0-16 år, totalt;7768;33344;2527;Rate;ll;ul;Innbyggere;Opphold;2011-2014
23;3;Innleggelser;Sørlandet;2;Spesialisthelsetjenesten;1;Barn 0-16 år, totalt;7054;63768;4492;Rate;ll;ul;Innbyggere;Opphold;2011-2014
8888;3;Innleggelser;Norge;2;Spesialisthelsetjenesten;1;Barn 0-16 år, totalt;5779;1057514;61420;Rate;ll;ul;Innbyggere;Opphold;2011-2014
1;4;Poliklinikk/dag;Finnmark;2;Spesialisthelsetjenesten;1;Barn 0-16 år, totalt;65605;15332;10052;Rate;ll;ul;Innbyggere;Opphold;2011-2014
2;4;Poliklinikk/dag;UNN;2;Spesialisthelsetjenesten;1;Barn 0-16 år, totalt;67641;37609;25430;Rate;ll;ul;Innbyggere;Opphold;2011-2014
3;4;Poliklinikk/dag;Nordland;2;Spesialisthelsetjenesten;1;Barn 0-16 år, totalt;69673;43186;29976;Rate;ll;ul;Innbyggere;Opphold;2011-2014
6;4;Poliklinikk/dag;Nord-Trøndelag;2;Spesialisthelsetjenesten;1;Barn 0-16 år, totalt;85678;29056;24851;Rate;ll;ul;Innbyggere;Opphold;2011-2014
7;4;Poliklinikk/dag;St. Olavs;2;Spesialisthelsetjenesten;1;Barn 0-16 år, totalt;80049;62253;49907;Rate;ll;ul;Innbyggere;Opphold;2011-2014
8;4;Poliklinikk/dag;Møre og Romsdal;2;Spesialisthelsetjenesten;1;Barn 0-16 år, totalt;77243;54199;41785;Rate;ll;ul;Innbyggere;Opphold;2011-2014
10;4;Poliklinikk/dag;Førde;2;Spesialisthelsetjenesten;1;Barn 0-16 år, totalt;79378;23330;18473;Rate;ll;ul;Innbyggere;Opphold;2011-2014
11;4;Poliklinikk/dag;Bergen;2;Spesialisthelsetjenesten;1;Barn 0-16 år, totalt;80571;91673;74034;Rate;ll;ul;Innbyggere;Opphold;2011-2014
12;4;Poliklinikk/dag;Fonna;2;Spesialisthelsetjenesten;1;Barn 0-16 år, totalt;66647;39744;26458;Rate;ll;ul;Innbyggere;Opphold;2011-2014
13;4;Poliklinikk/dag;Stavanger;2;Spesialisthelsetjenesten;1;Barn 0-16 år, totalt;61704;81507;50763;Rate;ll;ul;Innbyggere;Opphold;2011-2014
14;4;Poliklinikk/dag;Østfold;2;Spesialisthelsetjenesten;1;Barn 0-16 år, totalt;76751;57341;43905;Rate;ll;ul;Innbyggere;Opphold;2011-2014
15;4;Poliklinikk/dag;Akershus;2;Spesialisthelsetjenesten;1;Barn 0-16 år, totalt;82109;108469;89058;Rate;ll;ul;Innbyggere;Opphold;2011-2014
16;4;Poliklinikk/dag;OUS;2;Spesialisthelsetjenesten;1;Barn 0-16 år, totalt;85246;95564;81496;Rate;ll;ul;Innbyggere;Opphold;2011-2014
19;4;Poliklinikk/dag;Innlandet;2;Spesialisthelsetjenesten;1;Barn 0-16 år, totalt;69226;75231;52052;Rate;ll;ul;Innbyggere;Opphold;2011-2014
20;4;Poliklinikk/dag;Vestre Viken;2;Spesialisthelsetjenesten;1;Barn 0-16 år, totalt;74190;100582;74488;Rate;ll;ul;Innbyggere;Opphold;2011-2014
21;4;Poliklinikk/dag;Vestfold;2;Spesialisthelsetjenesten;1;Barn 0-16 år, totalt;68665;45330;31033;Rate;ll;ul;Innbyggere;Opphold;2011-2014
22;4;Poliklinikk/dag;Telemark;2;Spesialisthelsetjenesten;1;Barn 0-16 år, totalt;71733;33344;23838;Rate;ll;ul;Innbyggere;Opphold;2011-2014
23;4;Poliklinikk/dag;Sørlandet;2;Spesialisthelsetjenesten;1;Barn 0-16 år, totalt;87681;63768;55851;Rate;ll;ul;Innbyggere;Opphold;2011-2014
8888;4;Poliklinikk/dag;Norge;2;Spesialisthelsetjenesten;1;Barn 0-16 år, totalt;75973;1057514;803447;Rate;ll;ul;Innbyggere;Opphold;2011-2014
1;5;Alle kontakter;Finnmark;3;Kontakttype;2;Medisinske tilstander, spesialisthelsetjenesten;48807;15332;7445;Rate;ll;ul;Innbyggere;Opphold;2011-2014
2;5;Alle kontakter;UNN;3;Kontakttype;2;Medisinske tilstander, spesialisthelsetjenesten;47332;37609;17768;Rate;ll;ul;Innbyggere;Opphold;2011-2014
3;5;Alle kontakter;Nordland;3;Kontakttype;2;Medisinske tilstander, spesialisthelsetjenesten;52598;43186;22466;Rate;ll;ul;Innbyggere;Opphold;2011-2014
6;5;Alle kontakter;Nord-Trøndelag;3;Kontakttype;2;Medisinske tilstander, spesialisthelsetjenesten;60638;29056;17469;Rate;ll;ul;Innbyggere;Opphold;2011-2014
7;5;Alle kontakter;St. Olavs;3;Kontakttype;2;Medisinske tilstander, spesialisthelsetjenesten;61026;62253;38149;Rate;ll;ul;Innbyggere;Opphold;2011-2014
8;5;Alle kontakter;Møre og Romsdal;3;Kontakttype;2;Medisinske tilstander, spesialisthelsetjenesten;54270;54199;29205;Rate;ll;ul;Innbyggere;Opphold;2011-2014
10;5;Alle kontakter;Førde;3;Kontakttype;2;Medisinske tilstander, spesialisthelsetjenesten;57031;23330;13171;Rate;ll;ul;Innbyggere;Opphold;2011-2014
11;5;Alle kontakter;Bergen;3;Kontakttype;2;Medisinske tilstander, spesialisthelsetjenesten;58052;91673;53578;Rate;ll;ul;Innbyggere;Opphold;2011-2014
12;5;Alle kontakter;Fonna;3;Kontakttype;2;Medisinske tilstander, spesialisthelsetjenesten;47944;39744;18990;Rate;ll;ul;Innbyggere;Opphold;2011-2014
13;5;Alle kontakter;Stavanger;3;Kontakttype;2;Medisinske tilstander, spesialisthelsetjenesten;47053;81507;38984;Rate;ll;ul;Innbyggere;Opphold;2011-2014
14;5;Alle kontakter;Østfold;3;Kontakttype;2;Medisinske tilstander, spesialisthelsetjenesten;59735;57341;34001;Rate;ll;ul;Innbyggere;Opphold;2011-2014
15;5;Alle kontakter;Akershus;3;Kontakttype;2;Medisinske tilstander, spesialisthelsetjenesten;59967;108469;65038;Rate;ll;ul;Innbyggere;Opphold;2011-2014
16;5;Alle kontakter;OUS;3;Kontakttype;2;Medisinske tilstander, spesialisthelsetjenesten;56467;95564;55771;Rate;ll;ul;Innbyggere;Opphold;2011-2014
19;5;Alle kontakter;Innlandet;3;Kontakttype;2;Medisinske tilstander, spesialisthelsetjenesten;50991;75231;37941;Rate;ll;ul;Innbyggere;Opphold;2011-2014
20;5;Alle kontakter;Vestre Viken;3;Kontakttype;2;Medisinske tilstander, spesialisthelsetjenesten;57388;100582;57493;Rate;ll;ul;Innbyggere;Opphold;2011-2014
21;5;Alle kontakter;Vestfold;3;Kontakttype;2;Medisinske tilstander, spesialisthelsetjenesten;53148;45330;23862;Rate;ll;ul;Innbyggere;Opphold;2011-2014
22;5;Alle kontakter;Telemark;3;Kontakttype;2;Medisinske tilstander, spesialisthelsetjenesten;54428;33344;17912;Rate;ll;ul;Innbyggere;Opphold;2011-2014
23;5;Alle kontakter;Sørlandet;3;Kontakttype;2;Medisinske tilstander, spesialisthelsetjenesten;66563;63768;42388;Rate;ll;ul;Innbyggere;Opphold;2011-2014
8888;5;Alle kontakter;Norge;3;Kontakttype;2;Medisinske tilstander, spesialisthelsetjenesten;55898;1057514;591628;Rate;ll;ul;Innbyggere;Opphold;2011-2014
1;6;Innleggelser;Finnmark;3;Kontakttype;2;Medisinske tilstander, spesialisthelsetjenesten;4441;15332;665;Rate;ll;ul;Innbyggere;Opphold;2011-2014
2;6;Innleggelser;UNN;3;Kontakttype;2;Medisinske tilstander, spesialisthelsetjenesten;3209;37609;1193;Rate;ll;ul;Innbyggere;Opphold;2011-2014
3;6;Innleggelser;Nordland;3;Kontakttype;2;Medisinske tilstander, spesialisthelsetjenesten;5296;43186;2217;Rate;ll;ul;Innbyggere;Opphold;2011-2014
6;6;Innleggelser;Nord-Trøndelag;3;Kontakttype;2;Medisinske tilstander, spesialisthelsetjenesten;4916;29056;1385;Rate;ll;ul;Innbyggere;Opphold;2011-2014
7;6;Innleggelser;St. Olavs;3;Kontakttype;2;Medisinske tilstander, spesialisthelsetjenesten;3524;62253;2237;Rate;ll;ul;Innbyggere;Opphold;2011-2014
8;6;Innleggelser;Møre og Romsdal;3;Kontakttype;2;Medisinske tilstander, spesialisthelsetjenesten;4407;54199;2342;Rate;ll;ul;Innbyggere;Opphold;2011-2014
10;6;Innleggelser;Førde;3;Kontakttype;2;Medisinske tilstander, spesialisthelsetjenesten;4902;23330;1104;Rate;ll;ul;Innbyggere;Opphold;2011-2014
11;6;Innleggelser;Bergen;3;Kontakttype;2;Medisinske tilstander, spesialisthelsetjenesten;4026;91673;3769;Rate;ll;ul;Innbyggere;Opphold;2011-2014
12;6;Innleggelser;Fonna;3;Kontakttype;2;Medisinske tilstander, spesialisthelsetjenesten;4519;39744;1778;Rate;ll;ul;Innbyggere;Opphold;2011-2014
13;6;Innleggelser;Stavanger;3;Kontakttype;2;Medisinske tilstander, spesialisthelsetjenesten;3586;81507;3035;Rate;ll;ul;Innbyggere;Opphold;2011-2014
14;6;Innleggelser;Østfold;3;Kontakttype;2;Medisinske tilstander, spesialisthelsetjenesten;3768;57341;2090;Rate;ll;ul;Innbyggere;Opphold;2011-2014
15;6;Innleggelser;Akershus;3;Kontakttype;2;Medisinske tilstander, spesialisthelsetjenesten;3658;108469;3945;Rate;ll;ul;Innbyggere;Opphold;2011-2014
16;6;Innleggelser;OUS;3;Kontakttype;2;Medisinske tilstander, spesialisthelsetjenesten;3044;95564;3406;Rate;ll;ul;Innbyggere;Opphold;2011-2014
19;6;Innleggelser;Innlandet;3;Kontakttype;2;Medisinske tilstander, spesialisthelsetjenesten;5049;75231;3645;Rate;ll;ul;Innbyggere;Opphold;2011-2014
20;6;Innleggelser;Vestre Viken;3;Kontakttype;2;Medisinske tilstander, spesialisthelsetjenesten;3015;100582;2978;Rate;ll;ul;Innbyggere;Opphold;2011-2014
21;6;Innleggelser;Vestfold;3;Kontakttype;2;Medisinske tilstander, spesialisthelsetjenesten;6030;45330;2643;Rate;ll;ul;Innbyggere;Opphold;2011-2014
22;6;Innleggelser;Telemark;3;Kontakttype;2;Medisinske tilstander, spesialisthelsetjenesten;5923;33344;1912;Rate;ll;ul;Innbyggere;Opphold;2011-2014
23;6;Innleggelser;Sørlandet;3;Kontakttype;2;Medisinske tilstander, spesialisthelsetjenesten;5365;63768;3406;Rate;ll;ul;Innbyggere;Opphold;2011-2014
8888;6;Innleggelser;Norge;3;Kontakttype;2;Medisinske tilstander, spesialisthelsetjenesten;4112;1057514;43747;Rate;ll;ul;Innbyggere;Opphold;2011-2014
1;7;Poliklinikk/dag;Finnmark;3;Kontakttype;2;Medisinske tilstander, spesialisthelsetjenesten;44364;15332;6780;Rate;ll;ul;Innbyggere;Opphold;2011-2014
2;7;Poliklinikk/dag;UNN;3;Kontakttype;2;Medisinske tilstander, spesialisthelsetjenesten;44131;37609;16575;Rate;ll;ul;Innbyggere;Opphold;2011-2014
3;7;Poliklinikk/dag;Nordland;3;Kontakttype;2;Medisinske tilstander, spesialisthelsetjenesten;47308;43186;20249;Rate;ll;ul;Innbyggere;Opphold;2011-2014
6;7;Poliklinikk/dag;Nord-Trøndelag;3;Kontakttype;2;Medisinske tilstander, spesialisthelsetjenesten;55739;29056;16084;Rate;ll;ul;Innbyggere;Opphold;2011-2014
7;7;Poliklinikk/dag;St. Olavs;3;Kontakttype;2;Medisinske tilstander, spesialisthelsetjenesten;57488;62253;35912;Rate;ll;ul;Innbyggere;Opphold;2011-2014
8;7;Poliklinikk/dag;Møre og Romsdal;3;Kontakttype;2;Medisinske tilstander, spesialisthelsetjenesten;49871;54199;26863;Rate;ll;ul;Innbyggere;Opphold;2011-2014
10;7;Poliklinikk/dag;Førde;3;Kontakttype;2;Medisinske tilstander, spesialisthelsetjenesten;52142;23330;12067;Rate;ll;ul;Innbyggere;Opphold;2011-2014
11;7;Poliklinikk/dag;Bergen;3;Kontakttype;2;Medisinske tilstander, spesialisthelsetjenesten;54014;91673;49809;Rate;ll;ul;Innbyggere;Opphold;2011-2014
12;7;Poliklinikk/dag;Fonna;3;Kontakttype;2;Medisinske tilstander, spesialisthelsetjenesten;43432;39744;17212;Rate;ll;ul;Innbyggere;Opphold;2011-2014
13;7;Poliklinikk/dag;Stavanger;3;Kontakttype;2;Medisinske tilstander, spesialisthelsetjenesten;43451;81507;35949;Rate;ll;ul;Innbyggere;Opphold;2011-2014
14;7;Poliklinikk/dag;Østfold;3;Kontakttype;2;Medisinske tilstander, spesialisthelsetjenesten;55986;57341;31912;Rate;ll;ul;Innbyggere;Opphold;2011-2014
15;7;Poliklinikk/dag;Akershus;3;Kontakttype;2;Medisinske tilstander, spesialisthelsetjenesten;56328;108469;61093;Rate;ll;ul;Innbyggere;Opphold;2011-2014
16;7;Poliklinikk/dag;OUS;3;Kontakttype;2;Medisinske tilstander, spesialisthelsetjenesten;53345;95564;52364;Rate;ll;ul;Innbyggere;Opphold;2011-2014
19;7;Poliklinikk/dag;Innlandet;3;Kontakttype;2;Medisinske tilstander, spesialisthelsetjenesten;45962;75231;34296;Rate;ll;ul;Innbyggere;Opphold;2011-2014
20;7;Poliklinikk/dag;Vestre Viken;3;Kontakttype;2;Medisinske tilstander, spesialisthelsetjenesten;54389;100582;54515;Rate;ll;ul;Innbyggere;Opphold;2011-2014
21;7;Poliklinikk/dag;Vestfold;3;Kontakttype;2;Medisinske tilstander, spesialisthelsetjenesten;47155;45330;21219;Rate;ll;ul;Innbyggere;Opphold;2011-2014
22;7;Poliklinikk/dag;Telemark;3;Kontakttype;2;Medisinske tilstander, spesialisthelsetjenesten;48510;33344;16000;Rate;ll;ul;Innbyggere;Opphold;2011-2014
23;7;Poliklinikk/dag;Sørlandet;3;Kontakttype;2;Medisinske tilstander, spesialisthelsetjenesten;61206;63768;38982;Rate;ll;ul;Innbyggere;Opphold;2011-2014
8888;7;Poliklinikk/dag;Norge;3;Kontakttype;2;Medisinske tilstander, spesialisthelsetjenesten;51780;1057514;547881;Rate;ll;ul;Innbyggere;Opphold;2011-2014
1;8;Utvalgte akutte diagnoser;Finnmark;3;Kontakttype;2;Medisinske tilstander, spesialisthelsetjenesten;1970;15332;293;Rate;ll;ul;Innbyggere;Opphold;2011-2014
2;8;Utvalgte akutte diagnoser;UNN;3;Kontakttype;2;Medisinske tilstander, spesialisthelsetjenesten;2648;37609;979;Rate;ll;ul;Innbyggere;Opphold;2011-2014
3;8;Utvalgte akutte diagnoser;Nordland;3;Kontakttype;2;Medisinske tilstander, spesialisthelsetjenesten;3415;43186;1416;Rate;ll;ul;Innbyggere;Opphold;2011-2014
6;8;Utvalgte akutte diagnoser;Nord-Trøndelag;3;Kontakttype;2;Medisinske tilstander, spesialisthelsetjenesten;3983;29056;1104;Rate;ll;ul;Innbyggere;Opphold;2011-2014
7;8;Utvalgte akutte diagnoser;St. Olavs;3;Kontakttype;2;Medisinske tilstander, spesialisthelsetjenesten;4249;62253;2706;Rate;ll;ul;Innbyggere;Opphold;2011-2014
8;8;Utvalgte akutte diagnoser;Møre og Romsdal;3;Kontakttype;2;Medisinske tilstander, spesialisthelsetjenesten;2594;54199;1360;Rate;ll;ul;Innbyggere;Opphold;2011-2014
10;8;Utvalgte akutte diagnoser;Førde;3;Kontakttype;2;Medisinske tilstander, spesialisthelsetjenesten;3142;23330;696;Rate;ll;ul;Innbyggere;Opphold;2011-2014
11;8;Utvalgte akutte diagnoser;Bergen;3;Kontakttype;2;Medisinske tilstander, spesialisthelsetjenesten;8056;91673;7616;Rate;ll;ul;Innbyggere;Opphold;2011-2014
12;8;Utvalgte akutte diagnoser;Fonna;3;Kontakttype;2;Medisinske tilstander, spesialisthelsetjenesten;2365;39744;924;Rate;ll;ul;Innbyggere;Opphold;2011-2014
13;8;Utvalgte akutte diagnoser;Stavanger;3;Kontakttype;2;Medisinske tilstander, spesialisthelsetjenesten;2438;81507;2081;Rate;ll;ul;Innbyggere;Opphold;2011-2014
14;8;Utvalgte akutte diagnoser;Østfold;3;Kontakttype;2;Medisinske tilstander, spesialisthelsetjenesten;3847;57341;2112;Rate;ll;ul;Innbyggere;Opphold;2011-2014
15;8;Utvalgte akutte diagnoser;Akershus;3;Kontakttype;2;Medisinske tilstander, spesialisthelsetjenesten;3510;108469;3789;Rate;ll;ul;Innbyggere;Opphold;2011-2014
16;8;Utvalgte akutte diagnoser;OUS;3;Kontakttype;2;Medisinske tilstander, spesialisthelsetjenesten;4347;95564;4877;Rate;ll;ul;Innbyggere;Opphold;2011-2014
19;8;Utvalgte akutte diagnoser;Innlandet;3;Kontakttype;2;Medisinske tilstander, spesialisthelsetjenesten;3138;75231;2228;Rate;ll;ul;Innbyggere;Opphold;2011-2014
20;8;Utvalgte akutte diagnoser;Vestre Viken;3;Kontakttype;2;Medisinske tilstander, spesialisthelsetjenesten;3851;100582;3799;Rate;ll;ul;Innbyggere;Opphold;2011-2014
21;8;Utvalgte akutte diagnoser;Vestfold;3;Kontakttype;2;Medisinske tilstander, spesialisthelsetjenesten;2542;45330;1105;Rate;ll;ul;Innbyggere;Opphold;2011-2014
22;8;Utvalgte akutte diagnoser;Telemark;3;Kontakttype;2;Medisinske tilstander, spesialisthelsetjenesten;3247;33344;1037;Rate;ll;ul;Innbyggere;Opphold;2011-2014
23;8;Utvalgte akutte diagnoser;Sørlandet;3;Kontakttype;2;Medisinske tilstander, spesialisthelsetjenesten;4228;63768;2673;Rate;ll;ul;Innbyggere;Opphold;2011-2014
8888;8;Utvalgte akutte diagnoser;Norge;3;Kontakttype;2;Medisinske tilstander, spesialisthelsetjenesten;3837;1057514;40792;Rate;ll;ul;Innbyggere;Opphold;2011-2014
1;9;Omgangsyke;Finnmark;4;Medisinske innleggelser;2;Medisinske tilstander, spesialisthelsetjenesten;482;15332;73;Rate;ll;ul;Innbyggere;Opphold;2011-2014
2;9;Omgangsyke;UNN;4;Medisinske innleggelser;2;Medisinske tilstander, spesialisthelsetjenesten;366;37609;137;Rate;ll;ul;Innbyggere;Opphold;2011-2014
3;9;Omgangsyke;Nordland;4;Medisinske innleggelser;2;Medisinske tilstander, spesialisthelsetjenesten;536;43186;226;Rate;ll;ul;Innbyggere;Opphold;2011-2014
6;9;Omgangsyke;Nord-Trøndelag;4;Medisinske innleggelser;2;Medisinske tilstander, spesialisthelsetjenesten;508;29056;145;Rate;ll;ul;Innbyggere;Opphold;2011-2014
7;9;Omgangsyke;St. Olavs;4;Medisinske innleggelser;2;Medisinske tilstander, spesialisthelsetjenesten;446;62253;283;Rate;ll;ul;Innbyggere;Opphold;2011-2014
8;9;Omgangsyke;Møre og Romsdal;4;Medisinske innleggelser;2;Medisinske tilstander, spesialisthelsetjenesten;502;54199;268;Rate;ll;ul;Innbyggere;Opphold;2011-2014
10;9;Omgangsyke;Førde;4;Medisinske innleggelser;2;Medisinske tilstander, spesialisthelsetjenesten;558;23330;127;Rate;ll;ul;Innbyggere;Opphold;2011-2014
11;9;Omgangsyke;Bergen;4;Medisinske innleggelser;2;Medisinske tilstander, spesialisthelsetjenesten;543;91673;505;Rate;ll;ul;Innbyggere;Opphold;2011-2014
12;9;Omgangsyke;Fonna;4;Medisinske innleggelser;2;Medisinske tilstander, spesialisthelsetjenesten;558;39744;222;Rate;ll;ul;Innbyggere;Opphold;2011-2014
13;9;Omgangsyke;Stavanger;4;Medisinske innleggelser;2;Medisinske tilstander, spesialisthelsetjenesten;398;81507;330;Rate;ll;ul;Innbyggere;Opphold;2011-2014
14;9;Omgangsyke;Østfold;4;Medisinske innleggelser;2;Medisinske tilstander, spesialisthelsetjenesten;509;57341;282;Rate;ll;ul;Innbyggere;Opphold;2011-2014
15;9;Omgangsyke;Akershus;4;Medisinske innleggelser;2;Medisinske tilstander, spesialisthelsetjenesten;400;108469;432;Rate;ll;ul;Innbyggere;Opphold;2011-2014
16;9;Omgangsyke;OUS;4;Medisinske innleggelser;2;Medisinske tilstander, spesialisthelsetjenesten;368;95564;391;Rate;ll;ul;Innbyggere;Opphold;2011-2014
19;9;Omgangsyke;Innlandet;4;Medisinske innleggelser;2;Medisinske tilstander, spesialisthelsetjenesten;628;75231;463;Rate;ll;ul;Innbyggere;Opphold;2011-2014
20;9;Omgangsyke;Vestre Viken;4;Medisinske innleggelser;2;Medisinske tilstander, spesialisthelsetjenesten;289;100582;287;Rate;ll;ul;Innbyggere;Opphold;2011-2014
21;9;Omgangsyke;Vestfold;4;Medisinske innleggelser;2;Medisinske tilstander, spesialisthelsetjenesten;505;45330;223;Rate;ll;ul;Innbyggere;Opphold;2011-2014
22;9;Omgangsyke;Telemark;4;Medisinske innleggelser;2;Medisinske tilstander, spesialisthelsetjenesten;616;33344;201;Rate;ll;ul;Innbyggere;Opphold;2011-2014
23;9;Omgangsyke;Sørlandet;4;Medisinske innleggelser;2;Medisinske tilstander, spesialisthelsetjenesten;594;63768;377;Rate;ll;ul;Innbyggere;Opphold;2011-2014
8888;9;Omgangsyke;Norge;4;Medisinske innleggelser;2;Medisinske tilstander, spesialisthelsetjenesten;468;1057514;4971;Rate;ll;ul;Innbyggere;Opphold;2011-2014
1;10;Virus- og luftveisinfeksjoner;Finnmark;4;Medisinske innleggelser;2;Medisinske tilstander, spesialisthelsetjenesten;371;15332;54;Rate;ll;ul;Innbyggere;Opphold;2011-2014
2;10;Virus- og luftveisinfeksjoner;UNN;4;Medisinske innleggelser;2;Medisinske tilstander, spesialisthelsetjenesten;434;37609;161;Rate;ll;ul;Innbyggere;Opphold;2011-2014
3;10;Virus- og luftveisinfeksjoner;Nordland;4;Medisinske innleggelser;2;Medisinske tilstander, spesialisthelsetjenesten;533;43186;220;Rate;ll;ul;Innbyggere;Opphold;2011-2014
6;10;Virus- og luftveisinfeksjoner;Nord-Trøndelag;4;Medisinske innleggelser;2;Medisinske tilstander, spesialisthelsetjenesten;603;29056;168;Rate;ll;ul;Innbyggere;Opphold;2011-2014
7;10;Virus- og luftveisinfeksjoner;St. Olavs;4;Medisinske innleggelser;2;Medisinske tilstander, spesialisthelsetjenesten;418;62253;267;Rate;ll;ul;Innbyggere;Opphold;2011-2014
8;10;Virus- og luftveisinfeksjoner;Møre og Romsdal;4;Medisinske innleggelser;2;Medisinske tilstander, spesialisthelsetjenesten;467;54199;244;Rate;ll;ul;Innbyggere;Opphold;2011-2014
10;10;Virus- og luftveisinfeksjoner;Førde;4;Medisinske innleggelser;2;Medisinske tilstander, spesialisthelsetjenesten;606;23330;133;Rate;ll;ul;Innbyggere;Opphold;2011-2014
11;10;Virus- og luftveisinfeksjoner;Bergen;4;Medisinske innleggelser;2;Medisinske tilstander, spesialisthelsetjenesten;689;91673;654;Rate;ll;ul;Innbyggere;Opphold;2011-2014
12;10;Virus- og luftveisinfeksjoner;Fonna;4;Medisinske innleggelser;2;Medisinske tilstander, spesialisthelsetjenesten;438;39744;171;Rate;ll;ul;Innbyggere;Opphold;2011-2014
13;10;Virus- og luftveisinfeksjoner;Stavanger;4;Medisinske innleggelser;2;Medisinske tilstander, spesialisthelsetjenesten;385;81507;330;Rate;ll;ul;Innbyggere;Opphold;2011-2014
14;10;Virus- og luftveisinfeksjoner;Østfold;4;Medisinske innleggelser;2;Medisinske tilstander, spesialisthelsetjenesten;413;57341;227;Rate;ll;ul;Innbyggere;Opphold;2011-2014
15;10;Virus- og luftveisinfeksjoner;Akershus;4;Medisinske innleggelser;2;Medisinske tilstander, spesialisthelsetjenesten;245;108469;264;Rate;ll;ul;Innbyggere;Opphold;2011-2014
16;10;Virus- og luftveisinfeksjoner;OUS;4;Medisinske innleggelser;2;Medisinske tilstander, spesialisthelsetjenesten;281;95564;331;Rate;ll;ul;Innbyggere;Opphold;2011-2014
19;10;Virus- og luftveisinfeksjoner;Innlandet;4;Medisinske innleggelser;2;Medisinske tilstander, spesialisthelsetjenesten;552;75231;385;Rate;ll;ul;Innbyggere;Opphold;2011-2014
20;10;Virus- og luftveisinfeksjoner;Vestre Viken;4;Medisinske innleggelser;2;Medisinske tilstander, spesialisthelsetjenesten;281;100582;275;Rate;ll;ul;Innbyggere;Opphold;2011-2014
21;10;Virus- og luftveisinfeksjoner;Vestfold;4;Medisinske innleggelser;2;Medisinske tilstander, spesialisthelsetjenesten;589;45330;254;Rate;ll;ul;Innbyggere;Opphold;2011-2014
22;10;Virus- og luftveisinfeksjoner;Telemark;4;Medisinske innleggelser;2;Medisinske tilstander, spesialisthelsetjenesten;671;33344;214;Rate;ll;ul;Innbyggere;Opphold;2011-2014
23;10;Virus- og luftveisinfeksjoner;Sørlandet;4;Medisinske innleggelser;2;Medisinske tilstander, spesialisthelsetjenesten;667;63768;422;Rate;ll;ul;Innbyggere;Opphold;2011-2014
8888;10;Virus- og luftveisinfeksjoner;Norge;4;Medisinske innleggelser;2;Medisinske tilstander, spesialisthelsetjenesten;448;1057514;4771;Rate;ll;ul;Innbyggere;Opphold;2011-2014
1;11;Bronkiolitt, barn 0-3 år;Finnmark;4;Medisinske innleggelser;2;Medisinske tilstander, spesialisthelsetjenesten;656;3320;22;Rate;ll;ul;Innbyggere;Opphold;2011-2014
2;11;Bronkiolitt, barn 0-3 år;UNN;4;Medisinske innleggelser;2;Medisinske tilstander, spesialisthelsetjenesten;715;8463;61;Rate;ll;ul;Innbyggere;Opphold;2011-2014
3;11;Bronkiolitt, barn 0-3 år;Nordland;4;Medisinske innleggelser;2;Medisinske tilstander, spesialisthelsetjenesten;952;9293;88;Rate;ll;ul;Innbyggere;Opphold;2011-2014
6;11;Bronkiolitt, barn 0-3 år;Nord-Trøndelag;4;Medisinske innleggelser;2;Medisinske tilstander, spesialisthelsetjenesten;763;6257;48;Rate;ll;ul;Innbyggere;Opphold;2011-2014
7;11;Bronkiolitt, barn 0-3 år;St. Olavs;4;Medisinske innleggelser;2;Medisinske tilstander, spesialisthelsetjenesten;1440;14974;217;Rate;ll;ul;Innbyggere;Opphold;2011-2014
8;11;Bronkiolitt, barn 0-3 år;Møre og Romsdal;4;Medisinske innleggelser;2;Medisinske tilstander, spesialisthelsetjenesten;980;11884;116;Rate;ll;ul;Innbyggere;Opphold;2011-2014
10;11;Bronkiolitt, barn 0-3 år;Førde;4;Medisinske innleggelser;2;Medisinske tilstander, spesialisthelsetjenesten;847;4962;42;Rate;ll;ul;Innbyggere;Opphold;2011-2014
11;11;Bronkiolitt, barn 0-3 år;Bergen;4;Medisinske innleggelser;2;Medisinske tilstander, spesialisthelsetjenesten;1656;22221;371;Rate;ll;ul;Innbyggere;Opphold;2011-2014
12;11;Bronkiolitt, barn 0-3 år;Fonna;4;Medisinske innleggelser;2;Medisinske tilstander, spesialisthelsetjenesten;976;8986;87;Rate;ll;ul;Innbyggere;Opphold;2011-2014
13;11;Bronkiolitt, barn 0-3 år;Stavanger;4;Medisinske innleggelser;2;Medisinske tilstander, spesialisthelsetjenesten;804;20414;166;Rate;ll;ul;Innbyggere;Opphold;2011-2014
14;11;Bronkiolitt, barn 0-3 år;Østfold;4;Medisinske innleggelser;2;Medisinske tilstander, spesialisthelsetjenesten;1651;12414;203;Rate;ll;ul;Innbyggere;Opphold;2011-2014
15;11;Bronkiolitt, barn 0-3 år;Akershus;4;Medisinske innleggelser;2;Medisinske tilstander, spesialisthelsetjenesten;934;24866;230;Rate;ll;ul;Innbyggere;Opphold;2011-2014
16;11;Bronkiolitt, barn 0-3 år;OUS;4;Medisinske innleggelser;2;Medisinske tilstander, spesialisthelsetjenesten;1043;30061;324;Rate;ll;ul;Innbyggere;Opphold;2011-2014
19;11;Bronkiolitt, barn 0-3 år;Innlandet;4;Medisinske innleggelser;2;Medisinske tilstander, spesialisthelsetjenesten;1667;15673;259;Rate;ll;ul;Innbyggere;Opphold;2011-2014
20;11;Bronkiolitt, barn 0-3 år;Vestre Viken;4;Medisinske innleggelser;2;Medisinske tilstander, spesialisthelsetjenesten;650;22237;142;Rate;ll;ul;Innbyggere;Opphold;2011-2014
21;11;Bronkiolitt, barn 0-3 år;Vestfold;4;Medisinske innleggelser;2;Medisinske tilstander, spesialisthelsetjenesten;1628;9797;158;Rate;ll;ul;Innbyggere;Opphold;2011-2014
22;11;Bronkiolitt, barn 0-3 år;Telemark;4;Medisinske innleggelser;2;Medisinske tilstander, spesialisthelsetjenesten;1322;7216;96;Rate;ll;ul;Innbyggere;Opphold;2011-2014
23;11;Bronkiolitt, barn 0-3 år;Sørlandet;4;Medisinske innleggelser;2;Medisinske tilstander, spesialisthelsetjenesten;1384;14594;202;Rate;ll;ul;Innbyggere;Opphold;2011-2014
8888;11;Bronkiolitt, barn 0-3 år;Norge;4;Medisinske innleggelser;2;Medisinske tilstander, spesialisthelsetjenesten;1141;247630;2830;Rate;ll;ul;Innbyggere;Opphold;2011-2014
1;12;Forstoppelse (obstipasjon);Finnmark;4;Medisinske innleggelser;2;Medisinske tilstander, spesialisthelsetjenesten;150;15332;23;Rate;ll;ul;Innbyggere;Opphold;2011-2014
2;12;Forstoppelse (obstipasjon);UNN;4;Medisinske innleggelser;2;Medisinske tilstander, spesialisthelsetjenesten;69;37609;26;Rate;ll;ul;Innbyggere;Opphold;2011-2014
3;12;Forstoppelse (obstipasjon);Nordland;4;Medisinske innleggelser;2;Medisinske tilstander, spesialisthelsetjenesten;216;43186;91;Rate;ll;ul;Innbyggere;Opphold;2011-2014
6;12;Forstoppelse (obstipasjon);Nord-Trøndelag;4;Medisinske innleggelser;2;Medisinske tilstander, spesialisthelsetjenesten;187;29056;54;Rate;ll;ul;Innbyggere;Opphold;2011-2014
7;12;Forstoppelse (obstipasjon);St. Olavs;4;Medisinske innleggelser;2;Medisinske tilstander, spesialisthelsetjenesten;133;62253;83;Rate;ll;ul;Innbyggere;Opphold;2011-2014
8;12;Forstoppelse (obstipasjon);Møre og Romsdal;4;Medisinske innleggelser;2;Medisinske tilstander, spesialisthelsetjenesten;163;54199;88;Rate;ll;ul;Innbyggere;Opphold;2011-2014
10;12;Forstoppelse (obstipasjon);Førde;4;Medisinske innleggelser;2;Medisinske tilstander, spesialisthelsetjenesten;233;23330;53;Rate;ll;ul;Innbyggere;Opphold;2011-2014
11;12;Forstoppelse (obstipasjon);Bergen;4;Medisinske innleggelser;2;Medisinske tilstander, spesialisthelsetjenesten;133;91673;122;Rate;ll;ul;Innbyggere;Opphold;2011-2014
12;12;Forstoppelse (obstipasjon);Fonna;4;Medisinske innleggelser;2;Medisinske tilstander, spesialisthelsetjenesten;117;39744;46;Rate;ll;ul;Innbyggere;Opphold;2011-2014
13;12;Forstoppelse (obstipasjon);Stavanger;4;Medisinske innleggelser;2;Medisinske tilstander, spesialisthelsetjenesten;134;81507;110;Rate;ll;ul;Innbyggere;Opphold;2011-2014
14;12;Forstoppelse (obstipasjon);Østfold;4;Medisinske innleggelser;2;Medisinske tilstander, spesialisthelsetjenesten;98;57341;55;Rate;ll;ul;Innbyggere;Opphold;2011-2014
15;12;Forstoppelse (obstipasjon);Akershus;4;Medisinske innleggelser;2;Medisinske tilstander, spesialisthelsetjenesten;112;108469;122;Rate;ll;ul;Innbyggere;Opphold;2011-2014
16;12;Forstoppelse (obstipasjon);OUS;4;Medisinske innleggelser;2;Medisinske tilstander, spesialisthelsetjenesten;79;95564;77;Rate;ll;ul;Innbyggere;Opphold;2011-2014
19;12;Forstoppelse (obstipasjon);Innlandet;4;Medisinske innleggelser;2;Medisinske tilstander, spesialisthelsetjenesten;176;75231;129;Rate;ll;ul;Innbyggere;Opphold;2011-2014
20;12;Forstoppelse (obstipasjon);Vestre Viken;4;Medisinske innleggelser;2;Medisinske tilstander, spesialisthelsetjenesten;97;100582;97;Rate;ll;ul;Innbyggere;Opphold;2011-2014
21;12;Forstoppelse (obstipasjon);Vestfold;4;Medisinske innleggelser;2;Medisinske tilstander, spesialisthelsetjenesten;215;45330;96;Rate;ll;ul;Innbyggere;Opphold;2011-2014
22;12;Forstoppelse (obstipasjon);Telemark;4;Medisinske innleggelser;2;Medisinske tilstander, spesialisthelsetjenesten;177;33344;58;Rate;ll;ul;Innbyggere;Opphold;2011-2014
23;12;Forstoppelse (obstipasjon);Sørlandet;4;Medisinske innleggelser;2;Medisinske tilstander, spesialisthelsetjenesten;269;63768;170;Rate;ll;ul;Innbyggere;Opphold;2011-2014
8888;12;Forstoppelse (obstipasjon);Norge;4;Medisinske innleggelser;2;Medisinske tilstander, spesialisthelsetjenesten;142;1057514;1499;Rate;ll;ul;Innbyggere;Opphold;2011-2014
1;13;Epilepsi;Finnmark;4;Medisinske innleggelser;2;Medisinske tilstander, spesialisthelsetjenesten;282;15332;44;Rate;ll;ul;Innbyggere;Opphold;2011-2014
2;13;Epilepsi;UNN;4;Medisinske innleggelser;2;Medisinske tilstander, spesialisthelsetjenesten;213;37609;80;Rate;ll;ul;Innbyggere;Opphold;2011-2014
3;13;Epilepsi;Nordland;4;Medisinske innleggelser;2;Medisinske tilstander, spesialisthelsetjenesten;348;43186;151;Rate;ll;ul;Innbyggere;Opphold;2011-2014
6;13;Epilepsi;Nord-Trøndelag;4;Medisinske innleggelser;2;Medisinske tilstander, spesialisthelsetjenesten;221;29056;65;Rate;ll;ul;Innbyggere;Opphold;2011-2014
7;13;Epilepsi;St. Olavs;4;Medisinske innleggelser;2;Medisinske tilstander, spesialisthelsetjenesten;151;62253;94;Rate;ll;ul;Innbyggere;Opphold;2011-2014
8;13;Epilepsi;Møre og Romsdal;4;Medisinske innleggelser;2;Medisinske tilstander, spesialisthelsetjenesten;262;54199;143;Rate;ll;ul;Innbyggere;Opphold;2011-2014
10;13;Epilepsi;Førde;4;Medisinske innleggelser;2;Medisinske tilstander, spesialisthelsetjenesten;272;23330;64;Rate;ll;ul;Innbyggere;Opphold;2011-2014
11;13;Epilepsi;Bergen;4;Medisinske innleggelser;2;Medisinske tilstander, spesialisthelsetjenesten;212;91673;194;Rate;ll;ul;Innbyggere;Opphold;2011-2014
12;13;Epilepsi;Fonna;4;Medisinske innleggelser;2;Medisinske tilstander, spesialisthelsetjenesten;330;39744;131;Rate;ll;ul;Innbyggere;Opphold;2011-2014
13;13;Epilepsi;Stavanger;4;Medisinske innleggelser;2;Medisinske tilstander, spesialisthelsetjenesten;209;81507;171;Rate;ll;ul;Innbyggere;Opphold;2011-2014
14;13;Epilepsi;Østfold;4;Medisinske innleggelser;2;Medisinske tilstander, spesialisthelsetjenesten;207;57341;119;Rate;ll;ul;Innbyggere;Opphold;2011-2014
15;13;Epilepsi;Akershus;4;Medisinske innleggelser;2;Medisinske tilstander, spesialisthelsetjenesten;218;108469;237;Rate;ll;ul;Innbyggere;Opphold;2011-2014
16;13;Epilepsi;OUS;4;Medisinske innleggelser;2;Medisinske tilstander, spesialisthelsetjenesten;175;95564;169;Rate;ll;ul;Innbyggere;Opphold;2011-2014
19;13;Epilepsi;Innlandet;4;Medisinske innleggelser;2;Medisinske tilstander, spesialisthelsetjenesten;401;75231;304;Rate;ll;ul;Innbyggere;Opphold;2011-2014
20;13;Epilepsi;Vestre Viken;4;Medisinske innleggelser;2;Medisinske tilstander, spesialisthelsetjenesten;334;100582;337;Rate;ll;ul;Innbyggere;Opphold;2011-2014
21;13;Epilepsi;Vestfold;4;Medisinske innleggelser;2;Medisinske tilstander, spesialisthelsetjenesten;377;45330;171;Rate;ll;ul;Innbyggere;Opphold;2011-2014
22;13;Epilepsi;Telemark;4;Medisinske innleggelser;2;Medisinske tilstander, spesialisthelsetjenesten;425;33344;142;Rate;ll;ul;Innbyggere;Opphold;2011-2014
23;13;Epilepsi;Sørlandet;4;Medisinske innleggelser;2;Medisinske tilstander, spesialisthelsetjenesten;420;63768;268;Rate;ll;ul;Innbyggere;Opphold;2011-2014
8888;13;Epilepsi;Norge;4;Medisinske innleggelser;2;Medisinske tilstander, spesialisthelsetjenesten;273;1057514;2881;Rate;ll;ul;Innbyggere;Opphold;2011-2014
1;14;Sengevæting og urinlekkasje (enurese);Finnmark;5;Medisinsk poliklinikk;2;Medisinske tilstander, spesialisthelsetjenesten;455;15332;69;Rate;ll;ul;Innbyggere;Opphold;2011-2014
2;14;Sengevæting og urinlekkasje (enurese);UNN;5;Medisinsk poliklinikk;2;Medisinske tilstander, spesialisthelsetjenesten;356;37609;133;Rate;ll;ul;Innbyggere;Opphold;2011-2014
3;14;Sengevæting og urinlekkasje (enurese);Nordland;5;Medisinsk poliklinikk;2;Medisinske tilstander, spesialisthelsetjenesten;588;43186;252;Rate;ll;ul;Innbyggere;Opphold;2011-2014
6;14;Sengevæting og urinlekkasje (enurese);Nord-Trøndelag;5;Medisinsk poliklinikk;2;Medisinske tilstander, spesialisthelsetjenesten;1199;29056;347;Rate;ll;ul;Innbyggere;Opphold;2011-2014
7;14;Sengevæting og urinlekkasje (enurese);St. Olavs;5;Medisinsk poliklinikk;2;Medisinske tilstander, spesialisthelsetjenesten;907;62253;560;Rate;ll;ul;Innbyggere;Opphold;2011-2014
8;14;Sengevæting og urinlekkasje (enurese);Møre og Romsdal;5;Medisinsk poliklinikk;2;Medisinske tilstander, spesialisthelsetjenesten;623;54199;340;Rate;ll;ul;Innbyggere;Opphold;2011-2014
10;14;Sengevæting og urinlekkasje (enurese);Førde;5;Medisinsk poliklinikk;2;Medisinske tilstander, spesialisthelsetjenesten;585;23330;137;Rate;ll;ul;Innbyggere;Opphold;2011-2014
11;14;Sengevæting og urinlekkasje (enurese);Bergen;5;Medisinsk poliklinikk;2;Medisinske tilstander, spesialisthelsetjenesten;968;91673;876;Rate;ll;ul;Innbyggere;Opphold;2011-2014
12;14;Sengevæting og urinlekkasje (enurese);Fonna;5;Medisinsk poliklinikk;2;Medisinske tilstander, spesialisthelsetjenesten;469;39744;187;Rate;ll;ul;Innbyggere;Opphold;2011-2014
13;14;Sengevæting og urinlekkasje (enurese);Stavanger;5;Medisinsk poliklinikk;2;Medisinske tilstander, spesialisthelsetjenesten;249;81507;199;Rate;ll;ul;Innbyggere;Opphold;2011-2014
14;14;Sengevæting og urinlekkasje (enurese);Østfold;5;Medisinsk poliklinikk;2;Medisinske tilstander, spesialisthelsetjenesten;792;57341;452;Rate;ll;ul;Innbyggere;Opphold;2011-2014
15;14;Sengevæting og urinlekkasje (enurese);Akershus;5;Medisinsk poliklinikk;2;Medisinske tilstander, spesialisthelsetjenesten;545;108469;593;Rate;ll;ul;Innbyggere;Opphold;2011-2014
16;14;Sengevæting og urinlekkasje (enurese);OUS;5;Medisinsk poliklinikk;2;Medisinske tilstander, spesialisthelsetjenesten;613;95564;557;Rate;ll;ul;Innbyggere;Opphold;2011-2014
19;14;Sengevæting og urinlekkasje (enurese);Innlandet;5;Medisinsk poliklinikk;2;Medisinske tilstander, spesialisthelsetjenesten;860;75231;644;Rate;ll;ul;Innbyggere;Opphold;2011-2014
20;14;Sengevæting og urinlekkasje (enurese);Vestre Viken;5;Medisinsk poliklinikk;2;Medisinske tilstander, spesialisthelsetjenesten;758;100582;767;Rate;ll;ul;Innbyggere;Opphold;2011-2014
21;14;Sengevæting og urinlekkasje (enurese);Vestfold;5;Medisinsk poliklinikk;2;Medisinske tilstander, spesialisthelsetjenesten;1018;45330;463;Rate;ll;ul;Innbyggere;Opphold;2011-2014
22;14;Sengevæting og urinlekkasje (enurese);Telemark;5;Medisinsk poliklinikk;2;Medisinske tilstander, spesialisthelsetjenesten;699;33344;232;Rate;ll;ul;Innbyggere;Opphold;2011-2014
23;14;Sengevæting og urinlekkasje (enurese);Sørlandet;5;Medisinsk poliklinikk;2;Medisinske tilstander, spesialisthelsetjenesten;487;63768;307;Rate;ll;ul;Innbyggere;Opphold;2011-2014
8888;14;Sengevæting og urinlekkasje (enurese);Norge;5;Medisinsk poliklinikk;2;Medisinske tilstander, spesialisthelsetjenesten;676;1057514;7113;Rate;ll;ul;Innbyggere;Opphold;2011-2014
1;15;Mage- og tarmsykdommer;Finnmark;5;Medisinsk poliklinikk;2;Medisinske tilstander, spesialisthelsetjenesten;1908;15332;295;Rate;ll;ul;Innbyggere;Opphold;2011-2014
2;15;Mage- og tarmsykdommer;UNN;5;Medisinsk poliklinikk;2;Medisinske tilstander, spesialisthelsetjenesten;2479;37609;933;Rate;ll;ul;Innbyggere;Opphold;2011-2014
3;15;Mage- og tarmsykdommer;Nordland;5;Medisinsk poliklinikk;2;Medisinske tilstander, spesialisthelsetjenesten;3188;43186;1381;Rate;ll;ul;Innbyggere;Opphold;2011-2014
6;15;Mage- og tarmsykdommer;Nord-Trøndelag;5;Medisinsk poliklinikk;2;Medisinske tilstander, spesialisthelsetjenesten;4086;29056;1186;Rate;ll;ul;Innbyggere;Opphold;2011-2014
7;15;Mage- og tarmsykdommer;St. Olavs;5;Medisinsk poliklinikk;2;Medisinske tilstander, spesialisthelsetjenesten;3984;62253;2476;Rate;ll;ul;Innbyggere;Opphold;2011-2014
8;15;Mage- og tarmsykdommer;Møre og Romsdal;5;Medisinsk poliklinikk;2;Medisinske tilstander, spesialisthelsetjenesten;3378;54199;1834;Rate;ll;ul;Innbyggere;Opphold;2011-2014
10;15;Mage- og tarmsykdommer;Førde;5;Medisinsk poliklinikk;2;Medisinske tilstander, spesialisthelsetjenesten;3362;23330;785;Rate;ll;ul;Innbyggere;Opphold;2011-2014
11;15;Mage- og tarmsykdommer;Bergen;5;Medisinsk poliklinikk;2;Medisinske tilstander, spesialisthelsetjenesten;4218;91673;3862;Rate;ll;ul;Innbyggere;Opphold;2011-2014
12;15;Mage- og tarmsykdommer;Fonna;5;Medisinsk poliklinikk;2;Medisinske tilstander, spesialisthelsetjenesten;2279;39744;909;Rate;ll;ul;Innbyggere;Opphold;2011-2014
13;15;Mage- og tarmsykdommer;Stavanger;5;Medisinsk poliklinikk;2;Medisinske tilstander, spesialisthelsetjenesten;2185;81507;1778;Rate;ll;ul;Innbyggere;Opphold;2011-2014
14;15;Mage- og tarmsykdommer;Østfold;5;Medisinsk poliklinikk;2;Medisinske tilstander, spesialisthelsetjenesten;3667;57341;2095;Rate;ll;ul;Innbyggere;Opphold;2011-2014
15;15;Mage- og tarmsykdommer;Akershus;5;Medisinsk poliklinikk;2;Medisinske tilstander, spesialisthelsetjenesten;2870;108469;3114;Rate;ll;ul;Innbyggere;Opphold;2011-2014
16;15;Mage- og tarmsykdommer;OUS;5;Medisinsk poliklinikk;2;Medisinske tilstander, spesialisthelsetjenesten;2874;95564;2778;Rate;ll;ul;Innbyggere;Opphold;2011-2014
19;15;Mage- og tarmsykdommer;Innlandet;5;Medisinsk poliklinikk;2;Medisinske tilstander, spesialisthelsetjenesten;2618;75231;1975;Rate;ll;ul;Innbyggere;Opphold;2011-2014
20;15;Mage- og tarmsykdommer;Vestre Viken;5;Medisinsk poliklinikk;2;Medisinske tilstander, spesialisthelsetjenesten;3458;100582;3476;Rate;ll;ul;Innbyggere;Opphold;2011-2014
21;15;Mage- og tarmsykdommer;Vestfold;5;Medisinsk poliklinikk;2;Medisinske tilstander, spesialisthelsetjenesten;2214;45330;1007;Rate;ll;ul;Innbyggere;Opphold;2011-2014
22;15;Mage- og tarmsykdommer;Telemark;5;Medisinsk poliklinikk;2;Medisinske tilstander, spesialisthelsetjenesten;3293;33344;1097;Rate;ll;ul;Innbyggere;Opphold;2011-2014
23;15;Mage- og tarmsykdommer;Sørlandet;5;Medisinsk poliklinikk;2;Medisinske tilstander, spesialisthelsetjenesten;5608;63768;3565;Rate;ll;ul;Innbyggere;Opphold;2011-2014
8888;15;Mage- og tarmsykdommer;Norge;5;Medisinsk poliklinikk;2;Medisinske tilstander, spesialisthelsetjenesten;3269;1057514;34543;Rate;ll;ul;Innbyggere;Opphold;2011-2014
1;16;Hjertemedisin;Finnmark;5;Medisinsk poliklinikk;2;Medisinske tilstander, spesialisthelsetjenesten;1338;15332;199;Rate;ll;ul;Innbyggere;Opphold;2011-2014
2;16;Hjertemedisin;UNN;5;Medisinsk poliklinikk;2;Medisinske tilstander, spesialisthelsetjenesten;1138;37609;424;Rate;ll;ul;Innbyggere;Opphold;2011-2014
3;16;Hjertemedisin;Nordland;5;Medisinsk poliklinikk;2;Medisinske tilstander, spesialisthelsetjenesten;1536;43186;646;Rate;ll;ul;Innbyggere;Opphold;2011-2014
6;16;Hjertemedisin;Nord-Trøndelag;5;Medisinsk poliklinikk;2;Medisinske tilstander, spesialisthelsetjenesten;1181;29056;335;Rate;ll;ul;Innbyggere;Opphold;2011-2014
7;16;Hjertemedisin;St. Olavs;5;Medisinsk poliklinikk;2;Medisinske tilstander, spesialisthelsetjenesten;1768;62253;1118;Rate;ll;ul;Innbyggere;Opphold;2011-2014
8;16;Hjertemedisin;Møre og Romsdal;5;Medisinsk poliklinikk;2;Medisinske tilstander, spesialisthelsetjenesten;2028;54199;1074;Rate;ll;ul;Innbyggere;Opphold;2011-2014
10;16;Hjertemedisin;Førde;5;Medisinsk poliklinikk;2;Medisinske tilstander, spesialisthelsetjenesten;2271;23330;514;Rate;ll;ul;Innbyggere;Opphold;2011-2014
11;16;Hjertemedisin;Bergen;5;Medisinsk poliklinikk;2;Medisinske tilstander, spesialisthelsetjenesten;1637;91673;1525;Rate;ll;ul;Innbyggere;Opphold;2011-2014
12;16;Hjertemedisin;Fonna;5;Medisinsk poliklinikk;2;Medisinske tilstander, spesialisthelsetjenesten;1399;39744;552;Rate;ll;ul;Innbyggere;Opphold;2011-2014
13;16;Hjertemedisin;Stavanger;5;Medisinsk poliklinikk;2;Medisinske tilstander, spesialisthelsetjenesten;1756;81507;1488;Rate;ll;ul;Innbyggere;Opphold;2011-2014
14;16;Hjertemedisin;Østfold;5;Medisinsk poliklinikk;2;Medisinske tilstander, spesialisthelsetjenesten;1608;57341;895;Rate;ll;ul;Innbyggere;Opphold;2011-2014
15;16;Hjertemedisin;Akershus;5;Medisinsk poliklinikk;2;Medisinske tilstander, spesialisthelsetjenesten;1450;108469;1566;Rate;ll;ul;Innbyggere;Opphold;2011-2014
16;16;Hjertemedisin;OUS;5;Medisinsk poliklinikk;2;Medisinske tilstander, spesialisthelsetjenesten;1127;95564;1225;Rate;ll;ul;Innbyggere;Opphold;2011-2014
19;16;Hjertemedisin;Innlandet;5;Medisinsk poliklinikk;2;Medisinske tilstander, spesialisthelsetjenesten;1433;75231;1032;Rate;ll;ul;Innbyggere;Opphold;2011-2014
20;16;Hjertemedisin;Vestre Viken;5;Medisinsk poliklinikk;2;Medisinske tilstander, spesialisthelsetjenesten;1046;100582;1036;Rate;ll;ul;Innbyggere;Opphold;2011-2014
21;16;Hjertemedisin;Vestfold;5;Medisinsk poliklinikk;2;Medisinske tilstander, spesialisthelsetjenesten;1556;45330;684;Rate;ll;ul;Innbyggere;Opphold;2011-2014
22;16;Hjertemedisin;Telemark;5;Medisinsk poliklinikk;2;Medisinske tilstander, spesialisthelsetjenesten;1369;33344;443;Rate;ll;ul;Innbyggere;Opphold;2011-2014
23;16;Hjertemedisin;Sørlandet;5;Medisinsk poliklinikk;2;Medisinske tilstander, spesialisthelsetjenesten;1713;63768;1087;Rate;ll;ul;Innbyggere;Opphold;2011-2014
8888;16;Hjertemedisin;Norge;5;Medisinsk poliklinikk;2;Medisinske tilstander, spesialisthelsetjenesten;1492;1057514;15841;Rate;ll;ul;Innbyggere;Opphold;2011-2014
1;17;Astma;Finnmark;5;Medisinsk poliklinikk;2;Medisinske tilstander, spesialisthelsetjenesten;3106;15332;468;Rate;ll;ul;Innbyggere;Opphold;2011-2014
2;17;Astma;UNN;5;Medisinsk poliklinikk;2;Medisinske tilstander, spesialisthelsetjenesten;2400;37609;899;Rate;ll;ul;Innbyggere;Opphold;2011-2014
3;17;Astma;Nordland;5;Medisinsk poliklinikk;2;Medisinske tilstander, spesialisthelsetjenesten;3483;43186;1462;Rate;ll;ul;Innbyggere;Opphold;2011-2014
6;17;Astma;Nord-Trøndelag;5;Medisinsk poliklinikk;2;Medisinske tilstander, spesialisthelsetjenesten;3593;29056;1032;Rate;ll;ul;Innbyggere;Opphold;2011-2014
7;17;Astma;St. Olavs;5;Medisinsk poliklinikk;2;Medisinske tilstander, spesialisthelsetjenesten;3586;62253;2241;Rate;ll;ul;Innbyggere;Opphold;2011-2014
8;17;Astma;Møre og Romsdal;5;Medisinsk poliklinikk;2;Medisinske tilstander, spesialisthelsetjenesten;2830;54199;1516;Rate;ll;ul;Innbyggere;Opphold;2011-2014
10;17;Astma;Førde;5;Medisinsk poliklinikk;2;Medisinske tilstander, spesialisthelsetjenesten;3742;23330;854;Rate;ll;ul;Innbyggere;Opphold;2011-2014
11;17;Astma;Bergen;5;Medisinsk poliklinikk;2;Medisinske tilstander, spesialisthelsetjenesten;3611;91673;3327;Rate;ll;ul;Innbyggere;Opphold;2011-2014
12;17;Astma;Fonna;5;Medisinsk poliklinikk;2;Medisinske tilstander, spesialisthelsetjenesten;2449;39744;969;Rate;ll;ul;Innbyggere;Opphold;2011-2014
13;17;Astma;Stavanger;5;Medisinsk poliklinikk;2;Medisinske tilstander, spesialisthelsetjenesten;1922;81507;1545;Rate;ll;ul;Innbyggere;Opphold;2011-2014
14;17;Astma;Østfold;5;Medisinsk poliklinikk;2;Medisinske tilstander, spesialisthelsetjenesten;2338;57341;1333;Rate;ll;ul;Innbyggere;Opphold;2011-2014
15;17;Astma;Akershus;5;Medisinsk poliklinikk;2;Medisinske tilstander, spesialisthelsetjenesten;6430;108469;6979;Rate;ll;ul;Innbyggere;Opphold;2011-2014
16;17;Astma;OUS;5;Medisinsk poliklinikk;2;Medisinske tilstander, spesialisthelsetjenesten;4274;95564;4068;Rate;ll;ul;Innbyggere;Opphold;2011-2014
19;17;Astma;Innlandet;5;Medisinsk poliklinikk;2;Medisinske tilstander, spesialisthelsetjenesten;3650;75231;2712;Rate;ll;ul;Innbyggere;Opphold;2011-2014
20;17;Astma;Vestre Viken;5;Medisinsk poliklinikk;2;Medisinske tilstander, spesialisthelsetjenesten;5043;100582;5057;Rate;ll;ul;Innbyggere;Opphold;2011-2014
21;17;Astma;Vestfold;5;Medisinsk poliklinikk;2;Medisinske tilstander, spesialisthelsetjenesten;1680;45330;757;Rate;ll;ul;Innbyggere;Opphold;2011-2014
22;17;Astma;Telemark;5;Medisinsk poliklinikk;2;Medisinske tilstander, spesialisthelsetjenesten;2566;33344;843;Rate;ll;ul;Innbyggere;Opphold;2011-2014
23;17;Astma;Sørlandet;5;Medisinsk poliklinikk;2;Medisinske tilstander, spesialisthelsetjenesten;5062;63768;3225;Rate;ll;ul;Innbyggere;Opphold;2011-2014
8888;17;Astma;Norge;5;Medisinsk poliklinikk;2;Medisinske tilstander, spesialisthelsetjenesten;3713;1057514;39288;Rate;ll;ul;Innbyggere;Opphold;2011-2014
1;18;Forstoppelse (obstipasjon);Finnmark;5;Medisinsk poliklinikk;2;Medisinske tilstander, spesialisthelsetjenesten;724;15332;108;Rate;ll;ul;Innbyggere;Opphold;2011-2014
2;18;Forstoppelse (obstipasjon);UNN;5;Medisinsk poliklinikk;2;Medisinske tilstander, spesialisthelsetjenesten;626;37609;232;Rate;ll;ul;Innbyggere;Opphold;2011-2014
3;18;Forstoppelse (obstipasjon);Nordland;5;Medisinsk poliklinikk;2;Medisinske tilstander, spesialisthelsetjenesten;985;43186;411;Rate;ll;ul;Innbyggere;Opphold;2011-2014
6;18;Forstoppelse (obstipasjon);Nord-Trøndelag;5;Medisinsk poliklinikk;2;Medisinske tilstander, spesialisthelsetjenesten;2488;29056;709;Rate;ll;ul;Innbyggere;Opphold;2011-2014
7;18;Forstoppelse (obstipasjon);St. Olavs;5;Medisinsk poliklinikk;2;Medisinske tilstander, spesialisthelsetjenesten;2230;62253;1387;Rate;ll;ul;Innbyggere;Opphold;2011-2014
8;18;Forstoppelse (obstipasjon);Møre og Romsdal;5;Medisinsk poliklinikk;2;Medisinske tilstander, spesialisthelsetjenesten;984;54199;525;Rate;ll;ul;Innbyggere;Opphold;2011-2014
10;18;Forstoppelse (obstipasjon);Førde;5;Medisinsk poliklinikk;2;Medisinske tilstander, spesialisthelsetjenesten;1323;23330;302;Rate;ll;ul;Innbyggere;Opphold;2011-2014
11;18;Forstoppelse (obstipasjon);Bergen;5;Medisinsk poliklinikk;2;Medisinske tilstander, spesialisthelsetjenesten;1410;91673;1295;Rate;ll;ul;Innbyggere;Opphold;2011-2014
12;18;Forstoppelse (obstipasjon);Fonna;5;Medisinsk poliklinikk;2;Medisinske tilstander, spesialisthelsetjenesten;625;39744;245;Rate;ll;ul;Innbyggere;Opphold;2011-2014
13;18;Forstoppelse (obstipasjon);Stavanger;5;Medisinsk poliklinikk;2;Medisinske tilstander, spesialisthelsetjenesten;788;81507;645;Rate;ll;ul;Innbyggere;Opphold;2011-2014
14;18;Forstoppelse (obstipasjon);Østfold;5;Medisinsk poliklinikk;2;Medisinske tilstander, spesialisthelsetjenesten;1421;57341;795;Rate;ll;ul;Innbyggere;Opphold;2011-2014
15;18;Forstoppelse (obstipasjon);Akershus;5;Medisinsk poliklinikk;2;Medisinske tilstander, spesialisthelsetjenesten;878;108469;953;Rate;ll;ul;Innbyggere;Opphold;2011-2014
16;18;Forstoppelse (obstipasjon);OUS;5;Medisinsk poliklinikk;2;Medisinske tilstander, spesialisthelsetjenesten;854;95564;860;Rate;ll;ul;Innbyggere;Opphold;2011-2014
19;18;Forstoppelse (obstipasjon);Innlandet;5;Medisinsk poliklinikk;2;Medisinske tilstander, spesialisthelsetjenesten;786;75231;573;Rate;ll;ul;Innbyggere;Opphold;2011-2014
20;18;Forstoppelse (obstipasjon);Vestre Viken;5;Medisinsk poliklinikk;2;Medisinske tilstander, spesialisthelsetjenesten;885;100582;885;Rate;ll;ul;Innbyggere;Opphold;2011-2014
21;18;Forstoppelse (obstipasjon);Vestfold;5;Medisinsk poliklinikk;2;Medisinske tilstander, spesialisthelsetjenesten;969;45330;434;Rate;ll;ul;Innbyggere;Opphold;2011-2014
22;18;Forstoppelse (obstipasjon);Telemark;5;Medisinsk poliklinikk;2;Medisinske tilstander, spesialisthelsetjenesten;968;33344;315;Rate;ll;ul;Innbyggere;Opphold;2011-2014
23;18;Forstoppelse (obstipasjon);Sørlandet;5;Medisinsk poliklinikk;2;Medisinske tilstander, spesialisthelsetjenesten;1262;63768;798;Rate;ll;ul;Innbyggere;Opphold;2011-2014
8888;18;Forstoppelse (obstipasjon);Norge;5;Medisinsk poliklinikk;2;Medisinske tilstander, spesialisthelsetjenesten;1088;1057514;11471;Rate;ll;ul;Innbyggere;Opphold;2011-2014
1;19;Epilepsi;Finnmark;5;Medisinsk poliklinikk;2;Medisinske tilstander, spesialisthelsetjenesten;664;15332;103;Rate;ll;ul;Innbyggere;Opphold;2011-2014
2;19;Epilepsi;UNN;5;Medisinsk poliklinikk;2;Medisinske tilstander, spesialisthelsetjenesten;965;37609;365;Rate;ll;ul;Innbyggere;Opphold;2011-2014
3;19;Epilepsi;Nordland;5;Medisinsk poliklinikk;2;Medisinske tilstander, spesialisthelsetjenesten;896;43186;390;Rate;ll;ul;Innbyggere;Opphold;2011-2014
6;19;Epilepsi;Nord-Trøndelag;5;Medisinsk poliklinikk;2;Medisinske tilstander, spesialisthelsetjenesten;975;29056;287;Rate;ll;ul;Innbyggere;Opphold;2011-2014
7;19;Epilepsi;St. Olavs;5;Medisinsk poliklinikk;2;Medisinske tilstander, spesialisthelsetjenesten;1157;62253;718;Rate;ll;ul;Innbyggere;Opphold;2011-2014
8;19;Epilepsi;Møre og Romsdal;5;Medisinsk poliklinikk;2;Medisinske tilstander, spesialisthelsetjenesten;883;54199;486;Rate;ll;ul;Innbyggere;Opphold;2011-2014
10;19;Epilepsi;Førde;5;Medisinsk poliklinikk;2;Medisinske tilstander, spesialisthelsetjenesten;587;23330;137;Rate;ll;ul;Innbyggere;Opphold;2011-2014
11;19;Epilepsi;Bergen;5;Medisinsk poliklinikk;2;Medisinske tilstander, spesialisthelsetjenesten;871;91673;795;Rate;ll;ul;Innbyggere;Opphold;2011-2014
12;19;Epilepsi;Fonna;5;Medisinsk poliklinikk;2;Medisinske tilstander, spesialisthelsetjenesten;755;39744;300;Rate;ll;ul;Innbyggere;Opphold;2011-2014
13;19;Epilepsi;Stavanger;5;Medisinsk poliklinikk;2;Medisinske tilstander, spesialisthelsetjenesten;787;81507;639;Rate;ll;ul;Innbyggere;Opphold;2011-2014
14;19;Epilepsi;Østfold;5;Medisinsk poliklinikk;2;Medisinske tilstander, spesialisthelsetjenesten;766;57341;441;Rate;ll;ul;Innbyggere;Opphold;2011-2014
15;19;Epilepsi;Akershus;5;Medisinsk poliklinikk;2;Medisinske tilstander, spesialisthelsetjenesten;874;108469;948;Rate;ll;ul;Innbyggere;Opphold;2011-2014
16;19;Epilepsi;OUS;5;Medisinsk poliklinikk;2;Medisinske tilstander, spesialisthelsetjenesten;1012;95564;964;Rate;ll;ul;Innbyggere;Opphold;2011-2014
19;19;Epilepsi;Innlandet;5;Medisinsk poliklinikk;2;Medisinske tilstander, spesialisthelsetjenesten;1235;75231;942;Rate;ll;ul;Innbyggere;Opphold;2011-2014
20;19;Epilepsi;Vestre Viken;5;Medisinsk poliklinikk;2;Medisinske tilstander, spesialisthelsetjenesten;1147;100582;1160;Rate;ll;ul;Innbyggere;Opphold;2011-2014
21;19;Epilepsi;Vestfold;5;Medisinsk poliklinikk;2;Medisinske tilstander, spesialisthelsetjenesten;817;45330;372;Rate;ll;ul;Innbyggere;Opphold;2011-2014
22;19;Epilepsi;Telemark;5;Medisinsk poliklinikk;2;Medisinske tilstander, spesialisthelsetjenesten;694;33344;234;Rate;ll;ul;Innbyggere;Opphold;2011-2014
23;19;Epilepsi;Sørlandet;5;Medisinsk poliklinikk;2;Medisinske tilstander, spesialisthelsetjenesten;1466;63768;936;Rate;ll;ul;Innbyggere;Opphold;2011-2014
8888;19;Epilepsi;Norge;5;Medisinsk poliklinikk;2;Medisinske tilstander, spesialisthelsetjenesten;966;1057514;10216;Rate;ll;ul;Innbyggere;Opphold;2011-2014
1;20;Alle kontakter;Finnmark;6;Kontakttype;3;Kirurgiske tilstander, spesialisthelsetjenesten;23255;15332;3581;Rate;ll;ul;Innbyggere;Opphold;2011-2014
2;20;Alle kontakter;UNN;6;Kontakttype;3;Kirurgiske tilstander, spesialisthelsetjenesten;25005;37609;9420;Rate;ll;ul;Innbyggere;Opphold;2011-2014
3;20;Alle kontakter;Nordland;6;Kontakttype;3;Kirurgiske tilstander, spesialisthelsetjenesten;24367;43186;10590;Rate;ll;ul;Innbyggere;Opphold;2011-2014
6;20;Alle kontakter;Nord-Trøndelag;6;Kontakttype;3;Kirurgiske tilstander, spesialisthelsetjenesten;31889;29056;9333;Rate;ll;ul;Innbyggere;Opphold;2011-2014
7;20;Alle kontakter;St. Olavs;6;Kontakttype;3;Kirurgiske tilstander, spesialisthelsetjenesten;24392;62253;15138;Rate;ll;ul;Innbyggere;Opphold;2011-2014
8;20;Alle kontakter;Møre og Romsdal;6;Kontakttype;3;Kirurgiske tilstander, spesialisthelsetjenesten;29507;54199;16075;Rate;ll;ul;Innbyggere;Opphold;2011-2014
10;20;Alle kontakter;Førde;6;Kontakttype;3;Kirurgiske tilstander, spesialisthelsetjenesten;29380;23330;6902;Rate;ll;ul;Innbyggere;Opphold;2011-2014
11;20;Alle kontakter;Bergen;6;Kontakttype;3;Kirurgiske tilstander, spesialisthelsetjenesten;28333;91673;25856;Rate;ll;ul;Innbyggere;Opphold;2011-2014
12;20;Alle kontakter;Fonna;6;Kontakttype;3;Kirurgiske tilstander, spesialisthelsetjenesten;25085;39744;9988;Rate;ll;ul;Innbyggere;Opphold;2011-2014
13;20;Alle kontakter;Stavanger;6;Kontakttype;3;Kirurgiske tilstander, spesialisthelsetjenesten;19819;81507;16093;Rate;ll;ul;Innbyggere;Opphold;2011-2014
14;20;Alle kontakter;Østfold;6;Kontakttype;3;Kirurgiske tilstander, spesialisthelsetjenesten;22274;57341;12863;Rate;ll;ul;Innbyggere;Opphold;2011-2014
15;20;Alle kontakter;Akershus;6;Kontakttype;3;Kirurgiske tilstander, spesialisthelsetjenesten;27200;108469;29502;Rate;ll;ul;Innbyggere;Opphold;2011-2014
16;20;Alle kontakter;OUS;6;Kontakttype;3;Kirurgiske tilstander, spesialisthelsetjenesten;33081;95564;30266;Rate;ll;ul;Innbyggere;Opphold;2011-2014
19;20;Alle kontakter;Innlandet;6;Kontakttype;3;Kirurgiske tilstander, spesialisthelsetjenesten;25088;75231;19119;Rate;ll;ul;Innbyggere;Opphold;2011-2014
20;20;Alle kontakter;Vestre Viken;6;Kontakttype;3;Kirurgiske tilstander, spesialisthelsetjenesten;21285;100582;21462;Rate;ll;ul;Innbyggere;Opphold;2011-2014
21;20;Alle kontakter;Vestfold;6;Kontakttype;3;Kirurgiske tilstander, spesialisthelsetjenesten;23359;45330;10647;Rate;ll;ul;Innbyggere;Opphold;2011-2014
22;20;Alle kontakter;Telemark;6;Kontakttype;3;Kirurgiske tilstander, spesialisthelsetjenesten;25076;33344;8452;Rate;ll;ul;Innbyggere;Opphold;2011-2014
23;20;Alle kontakter;Sørlandet;6;Kontakttype;3;Kirurgiske tilstander, spesialisthelsetjenesten;28174;63768;17955;Rate;ll;ul;Innbyggere;Opphold;2011-2014
8888;20;Alle kontakter;Norge;6;Kontakttype;3;Kirurgiske tilstander, spesialisthelsetjenesten;25861;1057514;273239;Rate;ll;ul;Innbyggere;Opphold;2011-2014
1;21;Innleggelser;Finnmark;6;Kontakttype;3;Kirurgiske tilstander, spesialisthelsetjenesten;2015;15332;309;Rate;ll;ul;Innbyggere;Opphold;2011-2014
2;21;Innleggelser;UNN;6;Kontakttype;3;Kirurgiske tilstander, spesialisthelsetjenesten;1496;37609;564;Rate;ll;ul;Innbyggere;Opphold;2011-2014
3;21;Innleggelser;Nordland;6;Kontakttype;3;Kirurgiske tilstander, spesialisthelsetjenesten;2002;43186;864;Rate;ll;ul;Innbyggere;Opphold;2011-2014
6;21;Innleggelser;Nord-Trøndelag;6;Kontakttype;3;Kirurgiske tilstander, spesialisthelsetjenesten;1950;29056;567;Rate;ll;ul;Innbyggere;Opphold;2011-2014
7;21;Innleggelser;St. Olavs;6;Kontakttype;3;Kirurgiske tilstander, spesialisthelsetjenesten;1833;62253;1143;Rate;ll;ul;Innbyggere;Opphold;2011-2014
8;21;Innleggelser;Møre og Romsdal;6;Kontakttype;3;Kirurgiske tilstander, spesialisthelsetjenesten;2135;54199;1153;Rate;ll;ul;Innbyggere;Opphold;2011-2014
10;21;Innleggelser;Førde;6;Kontakttype;3;Kirurgiske tilstander, spesialisthelsetjenesten;2144;23330;496;Rate;ll;ul;Innbyggere;Opphold;2011-2014
11;21;Innleggelser;Bergen;6;Kontakttype;3;Kirurgiske tilstander, spesialisthelsetjenesten;1776;91673;1631;Rate;ll;ul;Innbyggere;Opphold;2011-2014
12;21;Innleggelser;Fonna;6;Kontakttype;3;Kirurgiske tilstander, spesialisthelsetjenesten;1870;39744;742;Rate;ll;ul;Innbyggere;Opphold;2011-2014
13;21;Innleggelser;Stavanger;6;Kontakttype;3;Kirurgiske tilstander, spesialisthelsetjenesten;1567;81507;1279;Rate;ll;ul;Innbyggere;Opphold;2011-2014
14;21;Innleggelser;Østfold;6;Kontakttype;3;Kirurgiske tilstander, spesialisthelsetjenesten;1509;57341;869;Rate;ll;ul;Innbyggere;Opphold;2011-2014
15;21;Innleggelser;Akershus;6;Kontakttype;3;Kirurgiske tilstander, spesialisthelsetjenesten;1419;108469;1537;Rate;ll;ul;Innbyggere;Opphold;2011-2014
16;21;Innleggelser;OUS;6;Kontakttype;3;Kirurgiske tilstander, spesialisthelsetjenesten;1180;95564;1134;Rate;ll;ul;Innbyggere;Opphold;2011-2014
19;21;Innleggelser;Innlandet;6;Kontakttype;3;Kirurgiske tilstander, spesialisthelsetjenesten;1825;75231;1364;Rate;ll;ul;Innbyggere;Opphold;2011-2014
20;21;Innleggelser;Vestre Viken;6;Kontakttype;3;Kirurgiske tilstander, spesialisthelsetjenesten;1483;100582;1490;Rate;ll;ul;Innbyggere;Opphold;2011-2014
21;21;Innleggelser;Vestfold;6;Kontakttype;3;Kirurgiske tilstander, spesialisthelsetjenesten;1848;45330;833;Rate;ll;ul;Innbyggere;Opphold;2011-2014
22;21;Innleggelser;Telemark;6;Kontakttype;3;Kirurgiske tilstander, spesialisthelsetjenesten;1852;33344;615;Rate;ll;ul;Innbyggere;Opphold;2011-2014
23;21;Innleggelser;Sørlandet;6;Kontakttype;3;Kirurgiske tilstander, spesialisthelsetjenesten;1700;63768;1086;Rate;ll;ul;Innbyggere;Opphold;2011-2014
8888;21;Innleggelser;Norge;6;Kontakttype;3;Kirurgiske tilstander, spesialisthelsetjenesten;1670;1057514;17673;Rate;ll;ul;Innbyggere;Opphold;2011-2014
1;22;Poliklinikk/dag;Finnmark;6;Kontakttype;3;Kirurgiske tilstander, spesialisthelsetjenesten;21241;15332;3272;Rate;ll;ul;Innbyggere;Opphold;2011-2014
2;22;Poliklinikk/dag;UNN;6;Kontakttype;3;Kirurgiske tilstander, spesialisthelsetjenesten;23510;37609;8856;Rate;ll;ul;Innbyggere;Opphold;2011-2014
3;22;Poliklinikk/dag;Nordland;6;Kontakttype;3;Kirurgiske tilstander, spesialisthelsetjenesten;22366;43186;9727;Rate;ll;ul;Innbyggere;Opphold;2011-2014
6;22;Poliklinikk/dag;Nord-Trøndelag;6;Kontakttype;3;Kirurgiske tilstander, spesialisthelsetjenesten;29939;29056;8766;Rate;ll;ul;Innbyggere;Opphold;2011-2014
7;22;Poliklinikk/dag;St. Olavs;6;Kontakttype;3;Kirurgiske tilstander, spesialisthelsetjenesten;22561;62253;13995;Rate;ll;ul;Innbyggere;Opphold;2011-2014
8;22;Poliklinikk/dag;Møre og Romsdal;6;Kontakttype;3;Kirurgiske tilstander, spesialisthelsetjenesten;27373;54199;14922;Rate;ll;ul;Innbyggere;Opphold;2011-2014
10;22;Poliklinikk/dag;Førde;6;Kontakttype;3;Kirurgiske tilstander, spesialisthelsetjenesten;27236;23330;6406;Rate;ll;ul;Innbyggere;Opphold;2011-2014
11;22;Poliklinikk/dag;Bergen;6;Kontakttype;3;Kirurgiske tilstander, spesialisthelsetjenesten;26557;91673;24225;Rate;ll;ul;Innbyggere;Opphold;2011-2014
12;22;Poliklinikk/dag;Fonna;6;Kontakttype;3;Kirurgiske tilstander, spesialisthelsetjenesten;23215;39744;9246;Rate;ll;ul;Innbyggere;Opphold;2011-2014
13;22;Poliklinikk/dag;Stavanger;6;Kontakttype;3;Kirurgiske tilstander, spesialisthelsetjenesten;18253;81507;14814;Rate;ll;ul;Innbyggere;Opphold;2011-2014
14;22;Poliklinikk/dag;Østfold;6;Kontakttype;3;Kirurgiske tilstander, spesialisthelsetjenesten;20765;57341;11993;Rate;ll;ul;Innbyggere;Opphold;2011-2014
15;22;Poliklinikk/dag;Akershus;6;Kontakttype;3;Kirurgiske tilstander, spesialisthelsetjenesten;25781;108469;27965;Rate;ll;ul;Innbyggere;Opphold;2011-2014
16;22;Poliklinikk/dag;OUS;6;Kontakttype;3;Kirurgiske tilstander, spesialisthelsetjenesten;31901;95564;29132;Rate;ll;ul;Innbyggere;Opphold;2011-2014
19;22;Poliklinikk/dag;Innlandet;6;Kontakttype;3;Kirurgiske tilstander, spesialisthelsetjenesten;23264;75231;17756;Rate;ll;ul;Innbyggere;Opphold;2011-2014
20;22;Poliklinikk/dag;Vestre Viken;6;Kontakttype;3;Kirurgiske tilstander, spesialisthelsetjenesten;19802;100582;19973;Rate;ll;ul;Innbyggere;Opphold;2011-2014
21;22;Poliklinikk/dag;Vestfold;6;Kontakttype;3;Kirurgiske tilstander, spesialisthelsetjenesten;21511;45330;9814;Rate;ll;ul;Innbyggere;Opphold;2011-2014
22;22;Poliklinikk/dag;Telemark;6;Kontakttype;3;Kirurgiske tilstander, spesialisthelsetjenesten;23223;33344;7837;Rate;ll;ul;Innbyggere;Opphold;2011-2014
23;22;Poliklinikk/dag;Sørlandet;6;Kontakttype;3;Kirurgiske tilstander, spesialisthelsetjenesten;26474;63768;16868;Rate;ll;ul;Innbyggere;Opphold;2011-2014
8888;22;Poliklinikk/dag;Norge;6;Kontakttype;3;Kirurgiske tilstander, spesialisthelsetjenesten;24192;1057514;255566;Rate;ll;ul;Innbyggere;Opphold;2011-2014
1;23;Fjerning av mandler;Finnmark;7;Utvalgte prosedyrer;3;Kirurgiske tilstander, spesialisthelsetjenesten;71;15332;11;Rate;ll;ul;Innbyggere;Opphold;2011-2014
2;23;Fjerning av mandler;UNN;7;Utvalgte prosedyrer;3;Kirurgiske tilstander, spesialisthelsetjenesten;98;37609;38;Rate;ll;ul;Innbyggere;Opphold;2011-2014
3;23;Fjerning av mandler;Nordland;7;Utvalgte prosedyrer;3;Kirurgiske tilstander, spesialisthelsetjenesten;103;43186;47;Rate;ll;ul;Innbyggere;Opphold;2011-2014
6;23;Fjerning av mandler;Nord-Trøndelag;7;Utvalgte prosedyrer;3;Kirurgiske tilstander, spesialisthelsetjenesten;79;29056;24;Rate;ll;ul;Innbyggere;Opphold;2011-2014
7;23;Fjerning av mandler;St. Olavs;7;Utvalgte prosedyrer;3;Kirurgiske tilstander, spesialisthelsetjenesten;114;62253;71;Rate;ll;ul;Innbyggere;Opphold;2011-2014
8;23;Fjerning av mandler;Møre og Romsdal;7;Utvalgte prosedyrer;3;Kirurgiske tilstander, spesialisthelsetjenesten;93;54199;52;Rate;ll;ul;Innbyggere;Opphold;2011-2014
10;23;Fjerning av mandler;Førde;7;Utvalgte prosedyrer;3;Kirurgiske tilstander, spesialisthelsetjenesten;124;23330;30;Rate;ll;ul;Innbyggere;Opphold;2011-2014
11;23;Fjerning av mandler;Bergen;7;Utvalgte prosedyrer;3;Kirurgiske tilstander, spesialisthelsetjenesten;101;91673;92;Rate;ll;ul;Innbyggere;Opphold;2011-2014
12;23;Fjerning av mandler;Fonna;7;Utvalgte prosedyrer;3;Kirurgiske tilstander, spesialisthelsetjenesten;105;39744;43;Rate;ll;ul;Innbyggere;Opphold;2011-2014
13;23;Fjerning av mandler;Stavanger;7;Utvalgte prosedyrer;3;Kirurgiske tilstander, spesialisthelsetjenesten;92;81507;74;Rate;ll;ul;Innbyggere;Opphold;2011-2014
14;23;Fjerning av mandler;Østfold;7;Utvalgte prosedyrer;3;Kirurgiske tilstander, spesialisthelsetjenesten;116;57341;69;Rate;ll;ul;Innbyggere;Opphold;2011-2014
15;23;Fjerning av mandler;Akershus;7;Utvalgte prosedyrer;3;Kirurgiske tilstander, spesialisthelsetjenesten;97;108469;105;Rate;ll;ul;Innbyggere;Opphold;2011-2014
16;23;Fjerning av mandler;OUS;7;Utvalgte prosedyrer;3;Kirurgiske tilstander, spesialisthelsetjenesten;98;95564;82;Rate;ll;ul;Innbyggere;Opphold;2011-2014
19;23;Fjerning av mandler;Innlandet;7;Utvalgte prosedyrer;3;Kirurgiske tilstander, spesialisthelsetjenesten;98;75231;78;Rate;ll;ul;Innbyggere;Opphold;2011-2014
20;23;Fjerning av mandler;Vestre Viken;7;Utvalgte prosedyrer;3;Kirurgiske tilstander, spesialisthelsetjenesten;105;100582;107;Rate;ll;ul;Innbyggere;Opphold;2011-2014
21;23;Fjerning av mandler;Vestfold;7;Utvalgte prosedyrer;3;Kirurgiske tilstander, spesialisthelsetjenesten;116;45330;54;Rate;ll;ul;Innbyggere;Opphold;2011-2014
22;23;Fjerning av mandler;Telemark;7;Utvalgte prosedyrer;3;Kirurgiske tilstander, spesialisthelsetjenesten;113;33344;40;Rate;ll;ul;Innbyggere;Opphold;2011-2014
23;23;Fjerning av mandler;Sørlandet;7;Utvalgte prosedyrer;3;Kirurgiske tilstander, spesialisthelsetjenesten;93;63768;60;Rate;ll;ul;Innbyggere;Opphold;2011-2014
8888;23;Fjerning av mandler;Norge;7;Utvalgte prosedyrer;3;Kirurgiske tilstander, spesialisthelsetjenesten;101;1057514;1075;Rate;ll;ul;Innbyggere;Opphold;2011-2014
1;24;Innsetting av øredren;Finnmark;7;Utvalgte prosedyrer;3;Kirurgiske tilstander, spesialisthelsetjenesten;716;15332;104;Rate;ll;ul;Innbyggere;Opphold;2011-2014
2;24;Innsetting av øredren;UNN;7;Utvalgte prosedyrer;3;Kirurgiske tilstander, spesialisthelsetjenesten;644;37609;238;Rate;ll;ul;Innbyggere;Opphold;2011-2014
3;24;Innsetting av øredren;Nordland;7;Utvalgte prosedyrer;3;Kirurgiske tilstander, spesialisthelsetjenesten;706;43186;288;Rate;ll;ul;Innbyggere;Opphold;2011-2014
6;24;Innsetting av øredren;Nord-Trøndelag;7;Utvalgte prosedyrer;3;Kirurgiske tilstander, spesialisthelsetjenesten;1259;29056;349;Rate;ll;ul;Innbyggere;Opphold;2011-2014
7;24;Innsetting av øredren;St. Olavs;7;Utvalgte prosedyrer;3;Kirurgiske tilstander, spesialisthelsetjenesten;615;62253;385;Rate;ll;ul;Innbyggere;Opphold;2011-2014
8;24;Innsetting av øredren;Møre og Romsdal;7;Utvalgte prosedyrer;3;Kirurgiske tilstander, spesialisthelsetjenesten;809;54199;425;Rate;ll;ul;Innbyggere;Opphold;2011-2014
10;24;Innsetting av øredren;Førde;7;Utvalgte prosedyrer;3;Kirurgiske tilstander, spesialisthelsetjenesten;667;23330;148;Rate;ll;ul;Innbyggere;Opphold;2011-2014
11;24;Innsetting av øredren;Bergen;7;Utvalgte prosedyrer;3;Kirurgiske tilstander, spesialisthelsetjenesten;381;91673;351;Rate;ll;ul;Innbyggere;Opphold;2011-2014
12;24;Innsetting av øredren;Fonna;7;Utvalgte prosedyrer;3;Kirurgiske tilstander, spesialisthelsetjenesten;479;39744;185;Rate;ll;ul;Innbyggere;Opphold;2011-2014
13;24;Innsetting av øredren;Stavanger;7;Utvalgte prosedyrer;3;Kirurgiske tilstander, spesialisthelsetjenesten;936;81507;795;Rate;ll;ul;Innbyggere;Opphold;2011-2014
14;24;Innsetting av øredren;Østfold;7;Utvalgte prosedyrer;3;Kirurgiske tilstander, spesialisthelsetjenesten;530;57341;293;Rate;ll;ul;Innbyggere;Opphold;2011-2014
15;24;Innsetting av øredren;Akershus;7;Utvalgte prosedyrer;3;Kirurgiske tilstander, spesialisthelsetjenesten;466;108469;506;Rate;ll;ul;Innbyggere;Opphold;2011-2014
16;24;Innsetting av øredren;OUS;7;Utvalgte prosedyrer;3;Kirurgiske tilstander, spesialisthelsetjenesten;464;95564;504;Rate;ll;ul;Innbyggere;Opphold;2011-2014
19;24;Innsetting av øredren;Innlandet;7;Utvalgte prosedyrer;3;Kirurgiske tilstander, spesialisthelsetjenesten;446;75231;314;Rate;ll;ul;Innbyggere;Opphold;2011-2014
20;24;Innsetting av øredren;Vestre Viken;7;Utvalgte prosedyrer;3;Kirurgiske tilstander, spesialisthelsetjenesten;872;100582;860;Rate;ll;ul;Innbyggere;Opphold;2011-2014
21;24;Innsetting av øredren;Vestfold;7;Utvalgte prosedyrer;3;Kirurgiske tilstander, spesialisthelsetjenesten;1025;45330;445;Rate;ll;ul;Innbyggere;Opphold;2011-2014
22;24;Innsetting av øredren;Telemark;7;Utvalgte prosedyrer;3;Kirurgiske tilstander, spesialisthelsetjenesten;593;33344;187;Rate;ll;ul;Innbyggere;Opphold;2011-2014
23;24;Innsetting av øredren;Sørlandet;7;Utvalgte prosedyrer;3;Kirurgiske tilstander, spesialisthelsetjenesten;563;63768;356;Rate;ll;ul;Innbyggere;Opphold;2011-2014
8888;24;Innsetting av øredren;Norge;7;Utvalgte prosedyrer;3;Kirurgiske tilstander, spesialisthelsetjenesten;638;1057514;6732;Rate;ll;ul;Innbyggere;Opphold;2011-2014
1;25;Fjerning av blindtarmen;Finnmark;7;Utvalgte prosedyrer;3;Kirurgiske tilstander, spesialisthelsetjenesten;1366;15332;203;Rate;ll;ul;Innbyggere;Opphold;2011-2014
2;25;Fjerning av blindtarmen;UNN;7;Utvalgte prosedyrer;3;Kirurgiske tilstander, spesialisthelsetjenesten;897;37609;332;Rate;ll;ul;Innbyggere;Opphold;2011-2014
3;25;Fjerning av blindtarmen;Nordland;7;Utvalgte prosedyrer;3;Kirurgiske tilstander, spesialisthelsetjenesten;1227;43186;506;Rate;ll;ul;Innbyggere;Opphold;2011-2014
6;25;Fjerning av blindtarmen;Nord-Trøndelag;7;Utvalgte prosedyrer;3;Kirurgiske tilstander, spesialisthelsetjenesten;833;29056;235;Rate;ll;ul;Innbyggere;Opphold;2011-2014
7;25;Fjerning av blindtarmen;St. Olavs;7;Utvalgte prosedyrer;3;Kirurgiske tilstander, spesialisthelsetjenesten;670;62253;419;Rate;ll;ul;Innbyggere;Opphold;2011-2014
8;25;Fjerning av blindtarmen;Møre og Romsdal;7;Utvalgte prosedyrer;3;Kirurgiske tilstander, spesialisthelsetjenesten;1094;54199;575;Rate;ll;ul;Innbyggere;Opphold;2011-2014
10;25;Fjerning av blindtarmen;Førde;7;Utvalgte prosedyrer;3;Kirurgiske tilstander, spesialisthelsetjenesten;1113;23330;247;Rate;ll;ul;Innbyggere;Opphold;2011-2014
11;25;Fjerning av blindtarmen;Bergen;7;Utvalgte prosedyrer;3;Kirurgiske tilstander, spesialisthelsetjenesten;795;91673;737;Rate;ll;ul;Innbyggere;Opphold;2011-2014
12;25;Fjerning av blindtarmen;Fonna;7;Utvalgte prosedyrer;3;Kirurgiske tilstander, spesialisthelsetjenesten;892;39744;346;Rate;ll;ul;Innbyggere;Opphold;2011-2014
13;25;Fjerning av blindtarmen;Stavanger;7;Utvalgte prosedyrer;3;Kirurgiske tilstander, spesialisthelsetjenesten;728;81507;607;Rate;ll;ul;Innbyggere;Opphold;2011-2014
14;25;Fjerning av blindtarmen;Østfold;7;Utvalgte prosedyrer;3;Kirurgiske tilstander, spesialisthelsetjenesten;826;57341;459;Rate;ll;ul;Innbyggere;Opphold;2011-2014
15;25;Fjerning av blindtarmen;Akershus;7;Utvalgte prosedyrer;3;Kirurgiske tilstander, spesialisthelsetjenesten;896;108469;971;Rate;ll;ul;Innbyggere;Opphold;2011-2014
16;25;Fjerning av blindtarmen;OUS;7;Utvalgte prosedyrer;3;Kirurgiske tilstander, spesialisthelsetjenesten;698;95564;754;Rate;ll;ul;Innbyggere;Opphold;2011-2014
19;25;Fjerning av blindtarmen;Innlandet;7;Utvalgte prosedyrer;3;Kirurgiske tilstander, spesialisthelsetjenesten;834;75231;596;Rate;ll;ul;Innbyggere;Opphold;2011-2014
20;25;Fjerning av blindtarmen;Vestre Viken;7;Utvalgte prosedyrer;3;Kirurgiske tilstander, spesialisthelsetjenesten;934;100582;924;Rate;ll;ul;Innbyggere;Opphold;2011-2014
21;25;Fjerning av blindtarmen;Vestfold;7;Utvalgte prosedyrer;3;Kirurgiske tilstander, spesialisthelsetjenesten;990;45330;433;Rate;ll;ul;Innbyggere;Opphold;2011-2014
22;25;Fjerning av blindtarmen;Telemark;7;Utvalgte prosedyrer;3;Kirurgiske tilstander, spesialisthelsetjenesten;956;33344;306;Rate;ll;ul;Innbyggere;Opphold;2011-2014
23;25;Fjerning av blindtarmen;Sørlandet;7;Utvalgte prosedyrer;3;Kirurgiske tilstander, spesialisthelsetjenesten;858;63768;541;Rate;ll;ul;Innbyggere;Opphold;2011-2014
8888;25;Fjerning av blindtarmen;Norge;7;Utvalgte prosedyrer;3;Kirurgiske tilstander, spesialisthelsetjenesten;872;1057514;9190;Rate;ll;ul;Innbyggere;Opphold;2011-2014
