area;level2;level2_name;area_name;level1;level1_name;value;lci;uci;denominator;numerator;type;name_cil;name_ciu;name_denominator;name_numerator;period
1;1;Skulderreseksjoner;Finnmark;1;Helseatlas - Dagkirurgi, 2011-2013;252.121;216.4;287.8;74509;192;Rate;Nedre_KI;Øvre_KI;Innbyggere;Antall inngrep;2011-2013
2;1;Skulderreseksjoner;UNN;1;Helseatlas - Dagkirurgi, 2011-2013;200.321;180.2;220.4;186401;382;Rate;Nedre_KI;Øvre_KI;Innbyggere;Antall inngrep;2011-2013
3;1;Skulderreseksjoner;Nordlandsykehuset;1;Helseatlas - Dagkirurgi, 2011-2013;144.635;124.8;164.5;135569;205;Rate;Nedre_KI;Øvre_KI;Innbyggere;Antall inngrep;2011-2013
4;1;Skulderreseksjoner;Helgelandsykehuset;1;Helseatlas - Dagkirurgi, 2011-2013;151.037;124.5;177.6;78005;126;Rate;Nedre_KI;Øvre_KI;Innbyggere;Antall inngrep;2011-2013
6;1;Skulderreseksjoner;Nord-Trøndelag;1;Helseatlas - Dagkirurgi, 2011-2013;218.569;194.3;242.9;136324;313;Rate;Nedre_KI;Øvre_KI;Innbyggere;Antall inngrep;2011-2013
7;1;Skulderreseksjoner;St. Olavs;1;Helseatlas - Dagkirurgi, 2011-2013;168.586;153.8;183.4;302367;499;Rate;Nedre_KI;Øvre_KI;Innbyggere;Antall inngrep;2011-2013
8;1;Skulderreseksjoner;Møre og Romsdal;1;Helseatlas - Dagkirurgi, 2011-2013;284.777;264.4;305.1;257122;754;Rate;Nedre_KI;Øvre_KI;Innbyggere;Antall inngrep;2011-2013
10;1;Skulderreseksjoner;Førde;1;Helseatlas - Dagkirurgi, 2011-2013;219.822;192.4;247.2;108622;249;Rate;Nedre_KI;Øvre_KI;Innbyggere;Antall inngrep;2011-2013
11;1;Skulderreseksjoner;Bergen;1;Helseatlas - Dagkirurgi, 2011-2013;133.291;122.1;144.5;427385;547;Rate;Nedre_KI;Øvre_KI;Innbyggere;Antall inngrep;2011-2013
12;1;Skulderreseksjoner;Fonna;1;Helseatlas - Dagkirurgi, 2011-2013;112.621;96.9;128.3;176173;198;Rate;Nedre_KI;Øvre_KI;Innbyggere;Antall inngrep;2011-2013
13;1;Skulderreseksjoner;Stavanger;1;Helseatlas - Dagkirurgi, 2011-2013;74.23;64.8;83.7;346059;239;Rate;Nedre_KI;Øvre_KI;Innbyggere;Antall inngrep;2011-2013
14;1;Skulderreseksjoner;Østfold;1;Helseatlas - Dagkirurgi, 2011-2013;185.074;169.5;200.7;281088;541;Rate;Nedre_KI;Øvre_KI;Innbyggere;Antall inngrep;2011-2013
15;1;Skulderreseksjoner;Akershus;1;Helseatlas - Dagkirurgi, 2011-2013;134.411;122.6;146.2;373020;501;Rate;Nedre_KI;Øvre_KI;Innbyggere;Antall inngrep;2011-2013
16;1;Skulderreseksjoner;OUS;1;Helseatlas - Dagkirurgi, 2011-2013;75.062;67.7;82.4;623905;406;Rate;Nedre_KI;Øvre_KI;Innbyggere;Antall inngrep;2011-2013
17;1;Skulderreseksjoner;Innlandet;1;Helseatlas - Dagkirurgi, 2011-2013;160.81;148.7;173;394389;682;Rate;Nedre_KI;Øvre_KI;Innbyggere;Antall inngrep;2011-2013
18;1;Skulderreseksjoner;Vestre Viken;1;Helseatlas - Dagkirurgi, 2011-2013;131.193;120.9;141.5;464692;626;Rate;Nedre_KI;Øvre_KI;Innbyggere;Antall inngrep;2011-2013
19;1;Skulderreseksjoner;Vestfold;1;Helseatlas - Dagkirurgi, 2011-2013;101.697;88.7;114.7;223250;237;Rate;Nedre_KI;Øvre_KI;Innbyggere;Antall inngrep;2011-2013
20;1;Skulderreseksjoner;Telemark;1;Helseatlas - Dagkirurgi, 2011-2013;78.56;65.5;91.6;170798;140;Rate;Nedre_KI;Øvre_KI;Innbyggere;Antall inngrep;2011-2013
21;1;Skulderreseksjoner;Sørlandet;1;Helseatlas - Dagkirurgi, 2011-2013;133.481;120.1;146.8;289056;385;Rate;Nedre_KI;Øvre_KI;Innbyggere;Antall inngrep;2011-2013
8888;1;Skulderreseksjoner;Norge;1;Helseatlas - Dagkirurgi, 2011-2013;142.774;;;;;Rate;Nedre_KI;Øvre_KI;Innbyggere;Antall inngrep;2011-2013
1;2;Menisk;Finnmark;1;Helseatlas - Dagkirurgi, 2011-2013;256.36;220.4;292.3;74509;195;Rate;Nedre_KI;Øvre_KI;Innbyggere;Antall inngrep;2011-2013
2;2;Menisk;UNN;1;Helseatlas - Dagkirurgi, 2011-2013;255.172;232.4;278;186401;482;Rate;Nedre_KI;Øvre_KI;Innbyggere;Antall inngrep;2011-2013
3;2;Menisk;Nordlandsykehuset;1;Helseatlas - Dagkirurgi, 2011-2013;199.418;175.8;223.1;135569;274;Rate;Nedre_KI;Øvre_KI;Innbyggere;Antall inngrep;2011-2013
4;2;Menisk;Helgelandsykehuset;1;Helseatlas - Dagkirurgi, 2011-2013;183.742;153.7;213.7;78005;146;Rate;Nedre_KI;Øvre_KI;Innbyggere;Antall inngrep;2011-2013
6;2;Menisk;Nord-Trøndelag;1;Helseatlas - Dagkirurgi, 2011-2013;319.321;289.5;349.1;136324;445;Rate;Nedre_KI;Øvre_KI;Innbyggere;Antall inngrep;2011-2013
7;2;Menisk;St. Olavs;1;Helseatlas - Dagkirurgi, 2011-2013;294.97;275.5;314.5;302367;878;Rate;Nedre_KI;Øvre_KI;Innbyggere;Antall inngrep;2011-2013
8;2;Menisk;Møre og Romsdal;1;Helseatlas - Dagkirurgi, 2011-2013;491.052;464.3;517.8;257122;1297;Rate;Nedre_KI;Øvre_KI;Innbyggere;Antall inngrep;2011-2013
10;2;Menisk;Førde;1;Helseatlas - Dagkirurgi, 2011-2013;330.42;296.4;364.5;108622;365;Rate;Nedre_KI;Øvre_KI;Innbyggere;Antall inngrep;2011-2013
11;2;Menisk;Bergen;1;Helseatlas - Dagkirurgi, 2011-2013;210.014;196.1;223.9;427385;875;Rate;Nedre_KI;Øvre_KI;Innbyggere;Antall inngrep;2011-2013
12;2;Menisk;Fonna;1;Helseatlas - Dagkirurgi, 2011-2013;252.166;228.6;275.7;176173;441;Rate;Nedre_KI;Øvre_KI;Innbyggere;Antall inngrep;2011-2013
13;2;Menisk;Stavanger;1;Helseatlas - Dagkirurgi, 2011-2013;119.022;107.4;130.7;346059;406;Rate;Nedre_KI;Øvre_KI;Innbyggere;Antall inngrep;2011-2013
14;2;Menisk;Østfold;1;Helseatlas - Dagkirurgi, 2011-2013;282.883;263.5;302.3;281088;821;Rate;Nedre_KI;Øvre_KI;Innbyggere;Antall inngrep;2011-2013
15;2;Menisk;Akershus;1;Helseatlas - Dagkirurgi, 2011-2013;265.008;248.5;281.5;373020;999;Rate;Nedre_KI;Øvre_KI;Innbyggere;Antall inngrep;2011-2013
16;2;Menisk;OUS;1;Helseatlas - Dagkirurgi, 2011-2013;210.816;198.8;222.8;623905;1212;Rate;Nedre_KI;Øvre_KI;Innbyggere;Antall inngrep;2011-2013
17;2;Menisk;Innlandet;1;Helseatlas - Dagkirurgi, 2011-2013;302.669;285.8;319.5;394389;1255;Rate;Nedre_KI;Øvre_KI;Innbyggere;Antall inngrep;2011-2013
18;2;Menisk;Vestre Viken;1;Helseatlas - Dagkirurgi, 2011-2013;263.712;249.1;278.3;464692;1255;Rate;Nedre_KI;Øvre_KI;Innbyggere;Antall inngrep;2011-2013
19;2;Menisk;Vestfold;1;Helseatlas - Dagkirurgi, 2011-2013;279.599;258;301.2;223250;644;Rate;Nedre_KI;Øvre_KI;Innbyggere;Antall inngrep;2011-2013
20;2;Menisk;Telemark;1;Helseatlas - Dagkirurgi, 2011-2013;249.269;225.8;272.7;170798;438;Rate;Nedre_KI;Øvre_KI;Innbyggere;Antall inngrep;2011-2013
21;2;Menisk;Sørlandet;1;Helseatlas - Dagkirurgi, 2011-2013;266.094;247.2;285;289056;764;Rate;Nedre_KI;Øvre_KI;Innbyggere;Antall inngrep;2011-2013
8888;2;Menisk;Norge;1;Helseatlas - Dagkirurgi, 2011-2013;261.177;;;;;Rate;Nedre_KI;Øvre_KI;Innbyggere;Antall inngrep;2011-2013
1;3;Hallux valgus og hammertå;Finnmark;1;Helseatlas - Dagkirurgi, 2011-2013;108.302;84.7;131.9;74509;81;Rate;Nedre_KI;Øvre_KI;Innbyggere;Antall inngrep;2011-2013
2;3;Hallux valgus og hammertå;UNN;1;Helseatlas - Dagkirurgi, 2011-2013;93.446;79.7;107.2;186401;178;Rate;Nedre_KI;Øvre_KI;Innbyggere;Antall inngrep;2011-2013
3;3;Hallux valgus og hammertå;Nordlandsykehuset;1;Helseatlas - Dagkirurgi, 2011-2013;97.523;81.2;113.8;135569;138;Rate;Nedre_KI;Øvre_KI;Innbyggere;Antall inngrep;2011-2013
4;3;Hallux valgus og hammertå;Helgelandsykehuset;1;Helseatlas - Dagkirurgi, 2011-2013;97.7;76.1;119.3;78005;79;Rate;Nedre_KI;Øvre_KI;Innbyggere;Antall inngrep;2011-2013
6;3;Hallux valgus og hammertå;Nord-Trøndelag;1;Helseatlas - Dagkirurgi, 2011-2013;97.366;81.1;113.6;136324;138;Rate;Nedre_KI;Øvre_KI;Innbyggere;Antall inngrep;2011-2013
7;3;Hallux valgus og hammertå;St. Olavs;1;Helseatlas - Dagkirurgi, 2011-2013;91.294;80.4;102.2;302367;270;Rate;Nedre_KI;Øvre_KI;Innbyggere;Antall inngrep;2011-2013
8;3;Hallux valgus og hammertå;Møre og Romsdal;1;Helseatlas - Dagkirurgi, 2011-2013;115.431;102.5;128.4;257122;306;Rate;Nedre_KI;Øvre_KI;Innbyggere;Antall inngrep;2011-2013
10;3;Hallux valgus og hammertå;Førde;1;Helseatlas - Dagkirurgi, 2011-2013;75.077;58.9;91.2;108622;84;Rate;Nedre_KI;Øvre_KI;Innbyggere;Antall inngrep;2011-2013
11;3;Hallux valgus og hammertå;Bergen;1;Helseatlas - Dagkirurgi, 2011-2013;62.392;54.7;70.1;427385;255;Rate;Nedre_KI;Øvre_KI;Innbyggere;Antall inngrep;2011-2013
12;3;Hallux valgus og hammertå;Fonna;1;Helseatlas - Dagkirurgi, 2011-2013;67.224;55.1;79.4;176173;117;Rate;Nedre_KI;Øvre_KI;Innbyggere;Antall inngrep;2011-2013
13;3;Hallux valgus og hammertå;Stavanger;1;Helseatlas - Dagkirurgi, 2011-2013;64.33;55.4;73.3;346059;200;Rate;Nedre_KI;Øvre_KI;Innbyggere;Antall inngrep;2011-2013
14;3;Hallux valgus og hammertå;Østfold;1;Helseatlas - Dagkirurgi, 2011-2013;95.428;84.3;106.6;281088;282;Rate;Nedre_KI;Øvre_KI;Innbyggere;Antall inngrep;2011-2013
15;3;Hallux valgus og hammertå;Akershus;1;Helseatlas - Dagkirurgi, 2011-2013;114.488;103.6;125.4;373020;424;Rate;Nedre_KI;Øvre_KI;Innbyggere;Antall inngrep;2011-2013
16;3;Hallux valgus og hammertå;OUS;1;Helseatlas - Dagkirurgi, 2011-2013;92.953;84.9;101;623905;521;Rate;Nedre_KI;Øvre_KI;Innbyggere;Antall inngrep;2011-2013
17;3;Hallux valgus og hammertå;Innlandet;1;Helseatlas - Dagkirurgi, 2011-2013;107.199;97.3;117.1;394389;456;Rate;Nedre_KI;Øvre_KI;Innbyggere;Antall inngrep;2011-2013
18;3;Hallux valgus og hammertå;Vestre Viken;1;Helseatlas - Dagkirurgi, 2011-2013;137.932;127.4;148.5;464692;658;Rate;Nedre_KI;Øvre_KI;Innbyggere;Antall inngrep;2011-2013
19;3;Hallux valgus og hammertå;Vestfold;1;Helseatlas - Dagkirurgi, 2011-2013;107.167;93.9;120.4;223250;253;Rate;Nedre_KI;Øvre_KI;Innbyggere;Antall inngrep;2011-2013
20;3;Hallux valgus og hammertå;Telemark;1;Helseatlas - Dagkirurgi, 2011-2013;82.067;68.9;95.2;170798;151;Rate;Nedre_KI;Øvre_KI;Innbyggere;Antall inngrep;2011-2013
21;3;Hallux valgus og hammertå;Sørlandet;1;Helseatlas - Dagkirurgi, 2011-2013;88.453;77.6;99.3;289056;255;Rate;Nedre_KI;Øvre_KI;Innbyggere;Antall inngrep;2011-2013
8888;3;Hallux valgus og hammertå;Norge;1;Helseatlas - Dagkirurgi, 2011-2013;95.976;;;;;Rate;Nedre_KI;Øvre_KI;Innbyggere;Antall inngrep;2011-2013
1;4;Utvalgt handkirurgi;Finnmark;1;Helseatlas - Dagkirurgi, 2011-2013;68.134;49.4;86.9;74509;51;Rate;Nedre_KI;Øvre_KI;Innbyggere;Antall inngrep;2011-2013
2;4;Utvalgt handkirurgi;UNN;1;Helseatlas - Dagkirurgi, 2011-2013;79.874;67.2;92.6;186401;152;Rate;Nedre_KI;Øvre_KI;Innbyggere;Antall inngrep;2011-2013
3;4;Utvalgt handkirurgi;Nordlandsykehuset;1;Helseatlas - Dagkirurgi, 2011-2013;91.502;75.6;107.4;135569;127;Rate;Nedre_KI;Øvre_KI;Innbyggere;Antall inngrep;2011-2013
4;4;Utvalgt handkirurgi;Helgelandsykehuset;1;Helseatlas - Dagkirurgi, 2011-2013;64.616;46.8;82.4;78005;51;Rate;Nedre_KI;Øvre_KI;Innbyggere;Antall inngrep;2011-2013
6;4;Utvalgt handkirurgi;Nord-Trøndelag;1;Helseatlas - Dagkirurgi, 2011-2013;67.229;53.6;80.8;136324;95;Rate;Nedre_KI;Øvre_KI;Innbyggere;Antall inngrep;2011-2013
7;4;Utvalgt handkirurgi;St. Olavs;1;Helseatlas - Dagkirurgi, 2011-2013;64.267;55.2;73.4;302367;192;Rate;Nedre_KI;Øvre_KI;Innbyggere;Antall inngrep;2011-2013
8;4;Utvalgt handkirurgi;Møre og Romsdal;1;Helseatlas - Dagkirurgi, 2011-2013;104.366;92;116.8;257122;274;Rate;Nedre_KI;Øvre_KI;Innbyggere;Antall inngrep;2011-2013
10;4;Utvalgt handkirurgi;Førde;1;Helseatlas - Dagkirurgi, 2011-2013;67.023;51.8;82.3;108622;75;Rate;Nedre_KI;Øvre_KI;Innbyggere;Antall inngrep;2011-2013
11;4;Utvalgt handkirurgi;Bergen;1;Helseatlas - Dagkirurgi, 2011-2013;86.605;77.7;95.6;427385;360;Rate;Nedre_KI;Øvre_KI;Innbyggere;Antall inngrep;2011-2013
12;4;Utvalgt handkirurgi;Fonna;1;Helseatlas - Dagkirurgi, 2011-2013;67.433;55.3;79.6;176173;119;Rate;Nedre_KI;Øvre_KI;Innbyggere;Antall inngrep;2011-2013
13;4;Utvalgt handkirurgi;Stavanger;1;Helseatlas - Dagkirurgi, 2011-2013;69.526;60.2;78.8;346059;218;Rate;Nedre_KI;Øvre_KI;Innbyggere;Antall inngrep;2011-2013
14;4;Utvalgt handkirurgi;Østfold;1;Helseatlas - Dagkirurgi, 2011-2013;80.054;69.8;90.3;281088;234;Rate;Nedre_KI;Øvre_KI;Innbyggere;Antall inngrep;2011-2013
15;4;Utvalgt handkirurgi;Akershus;1;Helseatlas - Dagkirurgi, 2011-2013;56.72;49;64.4;373020;209;Rate;Nedre_KI;Øvre_KI;Innbyggere;Antall inngrep;2011-2013
16;4;Utvalgt handkirurgi;OUS;1;Helseatlas - Dagkirurgi, 2011-2013;56.36;50.1;62.6;623905;319;Rate;Nedre_KI;Øvre_KI;Innbyggere;Antall inngrep;2011-2013
17;4;Utvalgt handkirurgi;Innlandet;1;Helseatlas - Dagkirurgi, 2011-2013;83.822;75;92.6;394389;354;Rate;Nedre_KI;Øvre_KI;Innbyggere;Antall inngrep;2011-2013
18;4;Utvalgt handkirurgi;Vestre Viken;1;Helseatlas - Dagkirurgi, 2011-2013;77.814;69.9;85.7;464692;370;Rate;Nedre_KI;Øvre_KI;Innbyggere;Antall inngrep;2011-2013
19;4;Utvalgt handkirurgi;Vestfold;1;Helseatlas - Dagkirurgi, 2011-2013;63.299;53;73.6;223250;146;Rate;Nedre_KI;Øvre_KI;Innbyggere;Antall inngrep;2011-2013
20;4;Utvalgt handkirurgi;Telemark;1;Helseatlas - Dagkirurgi, 2011-2013;61.039;49.5;72.5;170798;109;Rate;Nedre_KI;Øvre_KI;Innbyggere;Antall inngrep;2011-2013
21;4;Utvalgt handkirurgi;Sørlandet;1;Helseatlas - Dagkirurgi, 2011-2013;63.488;54.3;72.7;289056;183;Rate;Nedre_KI;Øvre_KI;Innbyggere;Antall inngrep;2011-2013
8888;4;Utvalgt handkirurgi;Norge;1;Helseatlas - Dagkirurgi, 2011-2013;72.028;;;;;Rate;Nedre_KI;Øvre_KI;Innbyggere;Antall inngrep;2011-2013
1;5;Karpaltunnelsyndrom;Finnmark;1;Helseatlas - Dagkirurgi, 2011-2013;97.772;75.4;120.2;74509;73;Rate;Nedre_KI;Øvre_KI;Innbyggere;Antall inngrep;2011-2013
2;5;Karpaltunnelsyndrom;UNN;1;Helseatlas - Dagkirurgi, 2011-2013;126.253;110.3;142.2;186401;241;Rate;Nedre_KI;Øvre_KI;Innbyggere;Antall inngrep;2011-2013
3;5;Karpaltunnelsyndrom;Nordlandsykehuset;1;Helseatlas - Dagkirurgi, 2011-2013;124.644;106.2;143.1;135569;177;Rate;Nedre_KI;Øvre_KI;Innbyggere;Antall inngrep;2011-2013
4;5;Karpaltunnelsyndrom;Helgelandsykehuset;1;Helseatlas - Dagkirurgi, 2011-2013;152.55;126;179.1;78005;128;Rate;Nedre_KI;Øvre_KI;Innbyggere;Antall inngrep;2011-2013
6;5;Karpaltunnelsyndrom;Nord-Trøndelag;1;Helseatlas - Dagkirurgi, 2011-2013;166.952;145.7;188.2;136324;238;Rate;Nedre_KI;Øvre_KI;Innbyggere;Antall inngrep;2011-2013
7;5;Karpaltunnelsyndrom;St. Olavs;1;Helseatlas - Dagkirurgi, 2011-2013;130.924;117.9;144;302367;388;Rate;Nedre_KI;Øvre_KI;Innbyggere;Antall inngrep;2011-2013
8;5;Karpaltunnelsyndrom;Møre og Romsdal;1;Helseatlas - Dagkirurgi, 2011-2013;148.711;134.1;163.4;257122;398;Rate;Nedre_KI;Øvre_KI;Innbyggere;Antall inngrep;2011-2013
10;5;Karpaltunnelsyndrom;Førde;1;Helseatlas - Dagkirurgi, 2011-2013;113.918;94.2;133.7;108622;129;Rate;Nedre_KI;Øvre_KI;Innbyggere;Antall inngrep;2011-2013
11;5;Karpaltunnelsyndrom;Bergen;1;Helseatlas - Dagkirurgi, 2011-2013;87.181;78.1;96.2;427385;357;Rate;Nedre_KI;Øvre_KI;Innbyggere;Antall inngrep;2011-2013
12;5;Karpaltunnelsyndrom;Fonna;1;Helseatlas - Dagkirurgi, 2011-2013;164.708;145.7;183.7;176173;288;Rate;Nedre_KI;Øvre_KI;Innbyggere;Antall inngrep;2011-2013
13;5;Karpaltunnelsyndrom;Stavanger;1;Helseatlas - Dagkirurgi, 2011-2013;174.713;160.1;189.3;346059;559;Rate;Nedre_KI;Øvre_KI;Innbyggere;Antall inngrep;2011-2013
14;5;Karpaltunnelsyndrom;Østfold;1;Helseatlas - Dagkirurgi, 2011-2013;150.903;136.9;165;281088;445;Rate;Nedre_KI;Øvre_KI;Innbyggere;Antall inngrep;2011-2013
15;5;Karpaltunnelsyndrom;Akershus;1;Helseatlas - Dagkirurgi, 2011-2013;123.729;112.3;135.1;373020;457;Rate;Nedre_KI;Øvre_KI;Innbyggere;Antall inngrep;2011-2013
16;5;Karpaltunnelsyndrom;OUS;1;Helseatlas - Dagkirurgi, 2011-2013;91.271;83.2;99.4;623905;498;Rate;Nedre_KI;Øvre_KI;Innbyggere;Antall inngrep;2011-2013
17;5;Karpaltunnelsyndrom;Innlandet;1;Helseatlas - Dagkirurgi, 2011-2013;178.997;166.3;191.7;394389;777;Rate;Nedre_KI;Øvre_KI;Innbyggere;Antall inngrep;2011-2013
18;5;Karpaltunnelsyndrom;Vestre Viken;1;Helseatlas - Dagkirurgi, 2011-2013;104.68;95.5;113.9;464692;500;Rate;Nedre_KI;Øvre_KI;Innbyggere;Antall inngrep;2011-2013
19;5;Karpaltunnelsyndrom;Vestfold;1;Helseatlas - Dagkirurgi, 2011-2013;134.101;119.3;148.9;223250;316;Rate;Nedre_KI;Øvre_KI;Innbyggere;Antall inngrep;2011-2013
20;5;Karpaltunnelsyndrom;Telemark;1;Helseatlas - Dagkirurgi, 2011-2013;121.149;105.1;137.2;170798;221;Rate;Nedre_KI;Øvre_KI;Innbyggere;Antall inngrep;2011-2013
21;5;Karpaltunnelsyndrom;Sørlandet;1;Helseatlas - Dagkirurgi, 2011-2013;132.545;119.3;145.8;289056;383;Rate;Nedre_KI;Øvre_KI;Innbyggere;Antall inngrep;2011-2013
8888;5;Karpaltunnelsyndrom;Norge;1;Helseatlas - Dagkirurgi, 2011-2013;129.899;;;;;Rate;Nedre_KI;Øvre_KI;Innbyggere;Antall inngrep;2011-2013
1;6;Fjerning av mandler;Finnmark;1;Helseatlas - Dagkirurgi, 2011-2013;487.285;436.5;538;74509;355;Rate;Nedre_KI;Øvre_KI;Innbyggere;Antall inngrep;2011-2013
2;6;Fjerning av mandler;UNN;1;Helseatlas - Dagkirurgi, 2011-2013;294.512;269.6;319.5;186401;536;Rate;Nedre_KI;Øvre_KI;Innbyggere;Antall inngrep;2011-2013
3;6;Fjerning av mandler;Nordlandsykehuset;1;Helseatlas - Dagkirurgi, 2011-2013;345.636;313.7;377.6;135569;451;Rate;Nedre_KI;Øvre_KI;Innbyggere;Antall inngrep;2011-2013
4;6;Fjerning av mandler;Helgelandsykehuset;1;Helseatlas - Dagkirurgi, 2011-2013;416.593;369.9;463.3;78005;307;Rate;Nedre_KI;Øvre_KI;Innbyggere;Antall inngrep;2011-2013
6;6;Fjerning av mandler;Nord-Trøndelag;1;Helseatlas - Dagkirurgi, 2011-2013;245.934;219.7;272.2;136324;337;Rate;Nedre_KI;Øvre_KI;Innbyggere;Antall inngrep;2011-2013
7;6;Fjerning av mandler;St. Olavs;1;Helseatlas - Dagkirurgi, 2011-2013;211.531;195.1;228;302367;636;Rate;Nedre_KI;Øvre_KI;Innbyggere;Antall inngrep;2011-2013
8;6;Fjerning av mandler;Møre og Romsdal;1;Helseatlas - Dagkirurgi, 2011-2013;355.232;332;378.4;257122;902;Rate;Nedre_KI;Øvre_KI;Innbyggere;Antall inngrep;2011-2013
10;6;Fjerning av mandler;Førde;1;Helseatlas - Dagkirurgi, 2011-2013;342.017;307.1;376.9;108622;370;Rate;Nedre_KI;Øvre_KI;Innbyggere;Antall inngrep;2011-2013
11;6;Fjerning av mandler;Bergen;1;Helseatlas - Dagkirurgi, 2011-2013;245.525;230.8;260.2;427385;1071;Rate;Nedre_KI;Øvre_KI;Innbyggere;Antall inngrep;2011-2013
12;6;Fjerning av mandler;Fonna;1;Helseatlas - Dagkirurgi, 2011-2013;305.732;280.3;331.2;176173;557;Rate;Nedre_KI;Øvre_KI;Innbyggere;Antall inngrep;2011-2013
13;6;Fjerning av mandler;Stavanger;1;Helseatlas - Dagkirurgi, 2011-2013;246.671;230.7;262.6;346059;926;Rate;Nedre_KI;Øvre_KI;Innbyggere;Antall inngrep;2011-2013
14;6;Fjerning av mandler;Østfold;1;Helseatlas - Dagkirurgi, 2011-2013;247.136;228.4;265.9;281088;670;Rate;Nedre_KI;Øvre_KI;Innbyggere;Antall inngrep;2011-2013
15;6;Fjerning av mandler;Akershus;1;Helseatlas - Dagkirurgi, 2011-2013;282.668;265.9;299.4;373020;1099;Rate;Nedre_KI;Øvre_KI;Innbyggere;Antall inngrep;2011-2013
16;6;Fjerning av mandler;OUS;1;Helseatlas - Dagkirurgi, 2011-2013;219.442;207.7;231.2;623905;1356;Rate;Nedre_KI;Øvre_KI;Innbyggere;Antall inngrep;2011-2013
17;6;Fjerning av mandler;Innlandet;1;Helseatlas - Dagkirurgi, 2011-2013;251.136;234.7;267.6;394389;903;Rate;Nedre_KI;Øvre_KI;Innbyggere;Antall inngrep;2011-2013
18;6;Fjerning av mandler;Vestre Viken;1;Helseatlas - Dagkirurgi, 2011-2013;290.986;275.5;306.5;464692;1358;Rate;Nedre_KI;Øvre_KI;Innbyggere;Antall inngrep;2011-2013
19;6;Fjerning av mandler;Vestfold;1;Helseatlas - Dagkirurgi, 2011-2013;317.735;293.8;341.6;223250;681;Rate;Nedre_KI;Øvre_KI;Innbyggere;Antall inngrep;2011-2013
20;6;Fjerning av mandler;Telemark;1;Helseatlas - Dagkirurgi, 2011-2013;301.846;274.9;328.8;170798;483;Rate;Nedre_KI;Øvre_KI;Innbyggere;Antall inngrep;2011-2013
21;6;Fjerning av mandler;Sørlandet;1;Helseatlas - Dagkirurgi, 2011-2013;268.825;250.2;287.4;289056;803;Rate;Nedre_KI;Øvre_KI;Innbyggere;Antall inngrep;2011-2013
8888;6;Fjerning av mandler;Norge;1;Helseatlas - Dagkirurgi, 2011-2013;274.439;;;;;Rate;Nedre_KI;Øvre_KI;Innbyggere;Antall inngrep;2011-2013
1;7;Ventilasjonsrør i trommehinnen;Finnmark;1;Helseatlas - Dagkirurgi, 2011-2013;182.926;151.4;214.5;74509;129;Rate;Nedre_KI;Øvre_KI;Innbyggere;Antall inngrep;2011-2013
2;7;Ventilasjonsrør i trommehinnen;UNN;1;Helseatlas - Dagkirurgi, 2011-2013;166.396;147.6;185.2;186401;300;Rate;Nedre_KI;Øvre_KI;Innbyggere;Antall inngrep;2011-2013
3;7;Ventilasjonsrør i trommehinnen;Nordlandsykehuset;1;Helseatlas - Dagkirurgi, 2011-2013;136.531;116.1;157;135569;172;Rate;Nedre_KI;Øvre_KI;Innbyggere;Antall inngrep;2011-2013
4;7;Ventilasjonsrør i trommehinnen;Helgelandsykehuset;1;Helseatlas - Dagkirurgi, 2011-2013;251.335;214.7;288;78005;181;Rate;Nedre_KI;Øvre_KI;Innbyggere;Antall inngrep;2011-2013
6;7;Ventilasjonsrør i trommehinnen;Nord-Trøndelag;1;Helseatlas - Dagkirurgi, 2011-2013;262.689;235;290.4;136324;345;Rate;Nedre_KI;Øvre_KI;Innbyggere;Antall inngrep;2011-2013
7;7;Ventilasjonsrør i trommehinnen;St. Olavs;1;Helseatlas - Dagkirurgi, 2011-2013;127.758;115;140.5;302367;384;Rate;Nedre_KI;Øvre_KI;Innbyggere;Antall inngrep;2011-2013
8;7;Ventilasjonsrør i trommehinnen;Møre og Romsdal;1;Helseatlas - Dagkirurgi, 2011-2013;206.941;189.1;224.7;257122;520;Rate;Nedre_KI;Øvre_KI;Innbyggere;Antall inngrep;2011-2013
10;7;Ventilasjonsrør i trommehinnen;Førde;1;Helseatlas - Dagkirurgi, 2011-2013;171.21;146.3;196.1;108622;182;Rate;Nedre_KI;Øvre_KI;Innbyggere;Antall inngrep;2011-2013
11;7;Ventilasjonsrør i trommehinnen;Bergen;1;Helseatlas - Dagkirurgi, 2011-2013;87.588;78.8;96.3;427385;386;Rate;Nedre_KI;Øvre_KI;Innbyggere;Antall inngrep;2011-2013
12;7;Ventilasjonsrør i trommehinnen;Fonna;1;Helseatlas - Dagkirurgi, 2011-2013;116.557;100.9;132.2;176173;213;Rate;Nedre_KI;Øvre_KI;Innbyggere;Antall inngrep;2011-2013
13;7;Ventilasjonsrør i trommehinnen;Stavanger;1;Helseatlas - Dagkirurgi, 2011-2013;215.247;200.8;229.7;346059;853;Rate;Nedre_KI;Øvre_KI;Innbyggere;Antall inngrep;2011-2013
14;7;Ventilasjonsrør i trommehinnen;Østfold;1;Helseatlas - Dagkirurgi, 2011-2013;123.218;109.9;136.5;281088;330;Rate;Nedre_KI;Øvre_KI;Innbyggere;Antall inngrep;2011-2013
15;7;Ventilasjonsrør i trommehinnen;Akershus;1;Helseatlas - Dagkirurgi, 2011-2013;111.962;101.5;122.4;373020;443;Rate;Nedre_KI;Øvre_KI;Innbyggere;Antall inngrep;2011-2013
16;7;Ventilasjonsrør i trommehinnen;OUS;1;Helseatlas - Dagkirurgi, 2011-2013;88.244;81;95.5;623905;571;Rate;Nedre_KI;Øvre_KI;Innbyggere;Antall inngrep;2011-2013
17;7;Ventilasjonsrør i trommehinnen;Innlandet;1;Helseatlas - Dagkirurgi, 2011-2013;104.838;94;115.7;394389;362;Rate;Nedre_KI;Øvre_KI;Innbyggere;Antall inngrep;2011-2013
18;7;Ventilasjonsrør i trommehinnen;Vestre Viken;1;Helseatlas - Dagkirurgi, 2011-2013;208.099;195.1;221.1;464692;981;Rate;Nedre_KI;Øvre_KI;Innbyggere;Antall inngrep;2011-2013
19;7;Ventilasjonsrør i trommehinnen;Vestfold;1;Helseatlas - Dagkirurgi, 2011-2013;229.996;209.4;250.6;223250;482;Rate;Nedre_KI;Øvre_KI;Innbyggere;Antall inngrep;2011-2013
20;7;Ventilasjonsrør i trommehinnen;Telemark;1;Helseatlas - Dagkirurgi, 2011-2013;143.806;124.9;162.8;170798;222;Rate;Nedre_KI;Øvre_KI;Innbyggere;Antall inngrep;2011-2013
21;7;Ventilasjonsrør i trommehinnen;Sørlandet;1;Helseatlas - Dagkirurgi, 2011-2013;143.232;129.7;156.8;289056;428;Rate;Nedre_KI;Øvre_KI;Innbyggere;Antall inngrep;2011-2013
8888;7;Ventilasjonsrør i trommehinnen;Norge;1;Helseatlas - Dagkirurgi, 2011-2013;148.366;;;;;Rate;Nedre_KI;Øvre_KI;Innbyggere;Antall inngrep;2011-2013
1;8;Aldersbetinget grå stær;Finnmark;1;Helseatlas - Dagkirurgi, 2011-2013;646.997;588;705.9;74509;470;Rate;Nedre_KI;Øvre_KI;Innbyggere;Antall inngrep;2011-2013
2;8;Aldersbetinget grå stær;UNN;1;Helseatlas - Dagkirurgi, 2011-2013;639.838;604;675.6;186401;1232;Rate;Nedre_KI;Øvre_KI;Innbyggere;Antall inngrep;2011-2013
3;8;Aldersbetinget grå stær;Nordlandsykehuset;1;Helseatlas - Dagkirurgi, 2011-2013;608.621;568.9;648.3;135569;907;Rate;Nedre_KI;Øvre_KI;Innbyggere;Antall inngrep;2011-2013
4;8;Aldersbetinget grå stær;Helgelandsykehuset;1;Helseatlas - Dagkirurgi, 2011-2013;716.244;660.4;772.1;78005;642;Rate;Nedre_KI;Øvre_KI;Innbyggere;Antall inngrep;2011-2013
6;8;Aldersbetinget grå stær;Nord-Trøndelag;1;Helseatlas - Dagkirurgi, 2011-2013;762.354;718.5;806.2;136324;1170;Rate;Nedre_KI;Øvre_KI;Innbyggere;Antall inngrep;2011-2013
7;8;Aldersbetinget grå stær;St. Olavs;1;Helseatlas - Dagkirurgi, 2011-2013;759.796;728.3;791.3;302367;2238;Rate;Nedre_KI;Øvre_KI;Innbyggere;Antall inngrep;2011-2013
8;8;Aldersbetinget grå stær;Møre og Romsdal;1;Helseatlas - Dagkirurgi, 2011-2013;693.272;662.5;724;257122;1964;Rate;Nedre_KI;Øvre_KI;Innbyggere;Antall inngrep;2011-2013
10;8;Aldersbetinget grå stær;Førde;1;Helseatlas - Dagkirurgi, 2011-2013;876.3;824.1;928.5;108622;1094;Rate;Nedre_KI;Øvre_KI;Innbyggere;Antall inngrep;2011-2013
11;8;Aldersbetinget grå stær;Bergen;1;Helseatlas - Dagkirurgi, 2011-2013;583.989;560.6;607.3;427385;2403;Rate;Nedre_KI;Øvre_KI;Innbyggere;Antall inngrep;2011-2013
12;8;Aldersbetinget grå stær;Fonna;1;Helseatlas - Dagkirurgi, 2011-2013;783.352;742.6;824.1;176173;1423;Rate;Nedre_KI;Øvre_KI;Innbyggere;Antall inngrep;2011-2013
13;8;Aldersbetinget grå stær;Stavanger;1;Helseatlas - Dagkirurgi, 2011-2013;945.45;909.4;981.5;346059;2674;Rate;Nedre_KI;Øvre_KI;Innbyggere;Antall inngrep;2011-2013
14;8;Aldersbetinget grå stær;Østfold;1;Helseatlas - Dagkirurgi, 2011-2013;561.838;535.1;588.6;281088;1702;Rate;Nedre_KI;Øvre_KI;Innbyggere;Antall inngrep;2011-2013
15;8;Aldersbetinget grå stær;Akershus;1;Helseatlas - Dagkirurgi, 2011-2013;588.204;562.1;614.4;373020;1986;Rate;Nedre_KI;Øvre_KI;Innbyggere;Antall inngrep;2011-2013
16;8;Aldersbetinget grå stær;OUS;1;Helseatlas - Dagkirurgi, 2011-2013;622.656;600.8;644.5;623905;3193;Rate;Nedre_KI;Øvre_KI;Innbyggere;Antall inngrep;2011-2013
17;8;Aldersbetinget grå stær;Innlandet;1;Helseatlas - Dagkirurgi, 2011-2013;613.822;591.3;636.4;394389;2889;Rate;Nedre_KI;Øvre_KI;Innbyggere;Antall inngrep;2011-2013
18;8;Aldersbetinget grå stær;Vestre Viken;1;Helseatlas - Dagkirurgi, 2011-2013;839.133;813.1;865.1;464692;4004;Rate;Nedre_KI;Øvre_KI;Innbyggere;Antall inngrep;2011-2013
19;8;Aldersbetinget grå stær;Vestfold;1;Helseatlas - Dagkirurgi, 2011-2013;829.571;793.3;865.9;223250;2016;Rate;Nedre_KI;Øvre_KI;Innbyggere;Antall inngrep;2011-2013
20;8;Aldersbetinget grå stær;Telemark;1;Helseatlas - Dagkirurgi, 2011-2013;933.148;889.9;976.4;170798;1802;Rate;Nedre_KI;Øvre_KI;Innbyggere;Antall inngrep;2011-2013
21;8;Aldersbetinget grå stær;Sørlandet;1;Helseatlas - Dagkirurgi, 2011-2013;791.177;758.6;823.7;289056;2275;Rate;Nedre_KI;Øvre_KI;Innbyggere;Antall inngrep;2011-2013
8888;8;Aldersbetinget grå stær;Norge;1;Helseatlas - Dagkirurgi, 2011-2013;711.409;;;;;Rate;Nedre_KI;Øvre_KI;Innbyggere;Antall inngrep;2011-2013
1;9;Tunge øyelokk;Finnmark;1;Helseatlas - Dagkirurgi, 2011-2013;123.493;98.4;148.6;74509;93;Rate;Nedre_KI;Øvre_KI;Innbyggere;Antall inngrep;2011-2013
2;9;Tunge øyelokk;UNN;1;Helseatlas - Dagkirurgi, 2011-2013;157.773;140;175.5;186401;305;Rate;Nedre_KI;Øvre_KI;Innbyggere;Antall inngrep;2011-2013
3;9;Tunge øyelokk;Nordlandsykehuset;1;Helseatlas - Dagkirurgi, 2011-2013;153.255;132.9;173.6;135569;219;Rate;Nedre_KI;Øvre_KI;Innbyggere;Antall inngrep;2011-2013
4;9;Tunge øyelokk;Helgelandsykehuset;1;Helseatlas - Dagkirurgi, 2011-2013;184.794;155.6;214;78005;155;Rate;Nedre_KI;Øvre_KI;Innbyggere;Antall inngrep;2011-2013
6;9;Tunge øyelokk;Nord-Trøndelag;1;Helseatlas - Dagkirurgi, 2011-2013;244.601;219.1;270.1;136324;355;Rate;Nedre_KI;Øvre_KI;Innbyggere;Antall inngrep;2011-2013
7;9;Tunge øyelokk;St. Olavs;1;Helseatlas - Dagkirurgi, 2011-2013;233.866;216.4;251.3;302367;691;Rate;Nedre_KI;Øvre_KI;Innbyggere;Antall inngrep;2011-2013
8;9;Tunge øyelokk;Møre og Romsdal;1;Helseatlas - Dagkirurgi, 2011-2013;145.62;131.2;160;257122;393;Rate;Nedre_KI;Øvre_KI;Innbyggere;Antall inngrep;2011-2013
10;9;Tunge øyelokk;Førde;1;Helseatlas - Dagkirurgi, 2011-2013;85.28;68.3;102.2;108622;98;Rate;Nedre_KI;Øvre_KI;Innbyggere;Antall inngrep;2011-2013
11;9;Tunge øyelokk;Bergen;1;Helseatlas - Dagkirurgi, 2011-2013;132.168;121;143.3;427385;539;Rate;Nedre_KI;Øvre_KI;Innbyggere;Antall inngrep;2011-2013
12;9;Tunge øyelokk;Fonna;1;Helseatlas - Dagkirurgi, 2011-2013;184.53;164.4;204.6;176173;325;Rate;Nedre_KI;Øvre_KI;Innbyggere;Antall inngrep;2011-2013
13;9;Tunge øyelokk;Stavanger;1;Helseatlas - Dagkirurgi, 2011-2013;102.37;90.8;113.9;346059;306;Rate;Nedre_KI;Øvre_KI;Innbyggere;Antall inngrep;2011-2013
14;9;Tunge øyelokk;Østfold;1;Helseatlas - Dagkirurgi, 2011-2013;134.86;121.7;148;281088;407;Rate;Nedre_KI;Øvre_KI;Innbyggere;Antall inngrep;2011-2013
15;9;Tunge øyelokk;Akershus;1;Helseatlas - Dagkirurgi, 2011-2013;190.34;176;204.6;373020;685;Rate;Nedre_KI;Øvre_KI;Innbyggere;Antall inngrep;2011-2013
16;9;Tunge øyelokk;OUS;1;Helseatlas - Dagkirurgi, 2011-2013;86.194;78.2;94.1;623905;457;Rate;Nedre_KI;Øvre_KI;Innbyggere;Antall inngrep;2011-2013
17;9;Tunge øyelokk;Innlandet;1;Helseatlas - Dagkirurgi, 2011-2013;128.899;118.3;139.5;394389;578;Rate;Nedre_KI;Øvre_KI;Innbyggere;Antall inngrep;2011-2013
18;9;Tunge øyelokk;Vestre Viken;1;Helseatlas - Dagkirurgi, 2011-2013;96.425;87.6;105.2;464692;461;Rate;Nedre_KI;Øvre_KI;Innbyggere;Antall inngrep;2011-2013
19;9;Tunge øyelokk;Vestfold;1;Helseatlas - Dagkirurgi, 2011-2013;129.529;115;144;223250;307;Rate;Nedre_KI;Øvre_KI;Innbyggere;Antall inngrep;2011-2013
20;9;Tunge øyelokk;Telemark;1;Helseatlas - Dagkirurgi, 2011-2013;205.607;185;226.2;170798;387;Rate;Nedre_KI;Øvre_KI;Innbyggere;Antall inngrep;2011-2013
21;9;Tunge øyelokk;Sørlandet;1;Helseatlas - Dagkirurgi, 2011-2013;203.967;187.5;220.4;289056;591;Rate;Nedre_KI;Øvre_KI;Innbyggere;Antall inngrep;2011-2013
8888;9;Tunge øyelokk;Norge;1;Helseatlas - Dagkirurgi, 2011-2013;145.092;;;;;Rate;Nedre_KI;Øvre_KI;Innbyggere;Antall inngrep;2011-2013
1;10;Lyskebrokk;Finnmark;1;Helseatlas - Dagkirurgi, 2011-2013;124.109;99.2;149;74509;96;Rate;Nedre_KI;Øvre_KI;Innbyggere;Antall inngrep;2011-2013
2;10;Lyskebrokk;UNN;1;Helseatlas - Dagkirurgi, 2011-2013;121.238;105.7;136.8;186401;234;Rate;Nedre_KI;Øvre_KI;Innbyggere;Antall inngrep;2011-2013
3;10;Lyskebrokk;Nordlandsykehuset;1;Helseatlas - Dagkirurgi, 2011-2013;125.736;107.4;144.1;135569;181;Rate;Nedre_KI;Øvre_KI;Innbyggere;Antall inngrep;2011-2013
4;10;Lyskebrokk;Helgelandsykehuset;1;Helseatlas - Dagkirurgi, 2011-2013;110.742;88;133.5;78005;93;Rate;Nedre_KI;Øvre_KI;Innbyggere;Antall inngrep;2011-2013
6;10;Lyskebrokk;Nord-Trøndelag;1;Helseatlas - Dagkirurgi, 2011-2013;131.124;112.4;149.9;136324;191;Rate;Nedre_KI;Øvre_KI;Innbyggere;Antall inngrep;2011-2013
7;10;Lyskebrokk;St. Olavs;1;Helseatlas - Dagkirurgi, 2011-2013;116.889;104.6;129.1;302367;350;Rate;Nedre_KI;Øvre_KI;Innbyggere;Antall inngrep;2011-2013
8;10;Lyskebrokk;Møre og Romsdal;1;Helseatlas - Dagkirurgi, 2011-2013;123.089;109.9;136.3;257122;335;Rate;Nedre_KI;Øvre_KI;Innbyggere;Antall inngrep;2011-2013
10;10;Lyskebrokk;Førde;1;Helseatlas - Dagkirurgi, 2011-2013;124.457;104.1;144.8;108622;145;Rate;Nedre_KI;Øvre_KI;Innbyggere;Antall inngrep;2011-2013
11;10;Lyskebrokk;Bergen;1;Helseatlas - Dagkirurgi, 2011-2013;131.508;120.5;142.5;427385;547;Rate;Nedre_KI;Øvre_KI;Innbyggere;Antall inngrep;2011-2013
12;10;Lyskebrokk;Fonna;1;Helseatlas - Dagkirurgi, 2011-2013;127.757;111.2;144.3;176173;229;Rate;Nedre_KI;Øvre_KI;Innbyggere;Antall inngrep;2011-2013
13;10;Lyskebrokk;Stavanger;1;Helseatlas - Dagkirurgi, 2011-2013;113.712;102;125.5;346059;366;Rate;Nedre_KI;Øvre_KI;Innbyggere;Antall inngrep;2011-2013
14;10;Lyskebrokk;Østfold;1;Helseatlas - Dagkirurgi, 2011-2013;115.364;103;127.7;281088;338;Rate;Nedre_KI;Øvre_KI;Innbyggere;Antall inngrep;2011-2013
15;10;Lyskebrokk;Akershus;1;Helseatlas - Dagkirurgi, 2011-2013;123.087;111.7;134.5;373020;450;Rate;Nedre_KI;Øvre_KI;Innbyggere;Antall inngrep;2011-2013
16;10;Lyskebrokk;OUS;1;Helseatlas - Dagkirurgi, 2011-2013;121.512;112.2;130.8;623905;671;Rate;Nedre_KI;Øvre_KI;Innbyggere;Antall inngrep;2011-2013
17;10;Lyskebrokk;Innlandet;1;Helseatlas - Dagkirurgi, 2011-2013;137.621;126.4;148.8;394389;594;Rate;Nedre_KI;Øvre_KI;Innbyggere;Antall inngrep;2011-2013
18;10;Lyskebrokk;Vestre Viken;1;Helseatlas - Dagkirurgi, 2011-2013;130.651;120.3;141;464692;617;Rate;Nedre_KI;Øvre_KI;Innbyggere;Antall inngrep;2011-2013
19;10;Lyskebrokk;Vestfold;1;Helseatlas - Dagkirurgi, 2011-2013;132.8;117.9;147.7;223250;306;Rate;Nedre_KI;Øvre_KI;Innbyggere;Antall inngrep;2011-2013
20;10;Lyskebrokk;Telemark;1;Helseatlas - Dagkirurgi, 2011-2013;128.272;111.8;144.8;170798;235;Rate;Nedre_KI;Øvre_KI;Innbyggere;Antall inngrep;2011-2013
21;10;Lyskebrokk;Sørlandet;1;Helseatlas - Dagkirurgi, 2011-2013;124.518;111.7;137.4;289056;360;Rate;Nedre_KI;Øvre_KI;Innbyggere;Antall inngrep;2011-2013
8888;10;Lyskebrokk;Norge;1;Helseatlas - Dagkirurgi, 2011-2013;124.773;;;;;Rate;Nedre_KI;Øvre_KI;Innbyggere;Antall inngrep;2011-2013
1;11;Åreknuter i bena;Finnmark;1;Helseatlas - Dagkirurgi, 2011-2013;75.488;55.8;95.2;74509;57;Rate;Nedre_KI;Øvre_KI;Innbyggere;Antall inngrep;2011-2013
2;11;Åreknuter i bena;UNN;1;Helseatlas - Dagkirurgi, 2011-2013;90.041;76.5;103.5;186401;171;Rate;Nedre_KI;Øvre_KI;Innbyggere;Antall inngrep;2011-2013
3;11;Åreknuter i bena;Nordlandsykehuset;1;Helseatlas - Dagkirurgi, 2011-2013;119.762;101.6;138;135569;167;Rate;Nedre_KI;Øvre_KI;Innbyggere;Antall inngrep;2011-2013
4;11;Åreknuter i bena;Helgelandsykehuset;1;Helseatlas - Dagkirurgi, 2011-2013;77.142;58;96.3;78005;63;Rate;Nedre_KI;Øvre_KI;Innbyggere;Antall inngrep;2011-2013
6;11;Åreknuter i bena;Nord-Trøndelag;1;Helseatlas - Dagkirurgi, 2011-2013;124.53;105.9;143.2;136324;172;Rate;Nedre_KI;Øvre_KI;Innbyggere;Antall inngrep;2011-2013
7;11;Åreknuter i bena;St. Olavs;1;Helseatlas - Dagkirurgi, 2011-2013;115.468;103.2;127.7;302367;342;Rate;Nedre_KI;Øvre_KI;Innbyggere;Antall inngrep;2011-2013
8;11;Åreknuter i bena;Møre og Romsdal;1;Helseatlas - Dagkirurgi, 2011-2013;145.837;131.1;160.5;257122;380;Rate;Nedre_KI;Øvre_KI;Innbyggere;Antall inngrep;2011-2013
10;11;Åreknuter i bena;Førde;1;Helseatlas - Dagkirurgi, 2011-2013;165.111;141;189.2;108622;182;Rate;Nedre_KI;Øvre_KI;Innbyggere;Antall inngrep;2011-2013
11;11;Åreknuter i bena;Bergen;1;Helseatlas - Dagkirurgi, 2011-2013;187.521;174.3;200.8;427385;771;Rate;Nedre_KI;Øvre_KI;Innbyggere;Antall inngrep;2011-2013
12;11;Åreknuter i bena;Fonna;1;Helseatlas - Dagkirurgi, 2011-2013;126.91;110.1;143.7;176173;219;Rate;Nedre_KI;Øvre_KI;Innbyggere;Antall inngrep;2011-2013
13;11;Åreknuter i bena;Stavanger;1;Helseatlas - Dagkirurgi, 2011-2013;125.824;113.5;138.1;346059;407;Rate;Nedre_KI;Øvre_KI;Innbyggere;Antall inngrep;2011-2013
14;11;Åreknuter i bena;Østfold;1;Helseatlas - Dagkirurgi, 2011-2013;135.923;122.6;149.3;281088;399;Rate;Nedre_KI;Øvre_KI;Innbyggere;Antall inngrep;2011-2013
15;11;Åreknuter i bena;Akershus;1;Helseatlas - Dagkirurgi, 2011-2013;86.721;77.3;96.2;373020;326;Rate;Nedre_KI;Øvre_KI;Innbyggere;Antall inngrep;2011-2013
16;11;Åreknuter i bena;OUS;1;Helseatlas - Dagkirurgi, 2011-2013;124.713;115.5;133.9;623905;713;Rate;Nedre_KI;Øvre_KI;Innbyggere;Antall inngrep;2011-2013
17;11;Åreknuter i bena;Innlandet;1;Helseatlas - Dagkirurgi, 2011-2013;104.373;94.5;114.2;394389;439;Rate;Nedre_KI;Øvre_KI;Innbyggere;Antall inngrep;2011-2013
18;11;Åreknuter i bena;Vestre Viken;1;Helseatlas - Dagkirurgi, 2011-2013;104.991;95.8;114.2;464692;502;Rate;Nedre_KI;Øvre_KI;Innbyggere;Antall inngrep;2011-2013
19;11;Åreknuter i bena;Vestfold;1;Helseatlas - Dagkirurgi, 2011-2013;141.506;126.2;156.8;223250;331;Rate;Nedre_KI;Øvre_KI;Innbyggere;Antall inngrep;2011-2013
20;11;Åreknuter i bena;Telemark;1;Helseatlas - Dagkirurgi, 2011-2013;139.016;121.7;156.3;170798;249;Rate;Nedre_KI;Øvre_KI;Innbyggere;Antall inngrep;2011-2013
21;11;Åreknuter i bena;Sørlandet;1;Helseatlas - Dagkirurgi, 2011-2013;169.9;154.8;185;289056;489;Rate;Nedre_KI;Øvre_KI;Innbyggere;Antall inngrep;2011-2013
8888;11;Åreknuter i bena;Norge;1;Helseatlas - Dagkirurgi, 2011-2013;126.335;;;;;Rate;Nedre_KI;Øvre_KI;Innbyggere;Antall inngrep;2011-2013
1;12;Hemoroider;Finnmark;1;Helseatlas - Dagkirurgi, 2011-2013;240.165;205.3;275;74509;183;Rate;Nedre_KI;Øvre_KI;Innbyggere;Antall inngrep;2011-2013
2;12;Hemoroider;UNN;1;Helseatlas - Dagkirurgi, 2011-2013;230.931;209.2;252.6;186401;437;Rate;Nedre_KI;Øvre_KI;Innbyggere;Antall inngrep;2011-2013
3;12;Hemoroider;Nordlandsykehuset;1;Helseatlas - Dagkirurgi, 2011-2013;131.466;112.3;150.6;135569;182;Rate;Nedre_KI;Øvre_KI;Innbyggere;Antall inngrep;2011-2013
4;12;Hemoroider;Helgelandsykehuset;1;Helseatlas - Dagkirurgi, 2011-2013;202.118;171;233.3;78005;164;Rate;Nedre_KI;Øvre_KI;Innbyggere;Antall inngrep;2011-2013
6;12;Hemoroider;Nord-Trøndelag;1;Helseatlas - Dagkirurgi, 2011-2013;92.035;76;108.1;136324;128;Rate;Nedre_KI;Øvre_KI;Innbyggere;Antall inngrep;2011-2013
7;12;Hemoroider;St. Olavs;1;Helseatlas - Dagkirurgi, 2011-2013;185.342;169.8;200.9;302367;549;Rate;Nedre_KI;Øvre_KI;Innbyggere;Antall inngrep;2011-2013
8;12;Hemoroider;Møre og Romsdal;1;Helseatlas - Dagkirurgi, 2011-2013;146.348;131.6;161.1;257122;381;Rate;Nedre_KI;Øvre_KI;Innbyggere;Antall inngrep;2011-2013
10;12;Hemoroider;Førde;1;Helseatlas - Dagkirurgi, 2011-2013;142.606;120.1;165.1;108622;156;Rate;Nedre_KI;Øvre_KI;Innbyggere;Antall inngrep;2011-2013
11;12;Hemoroider;Bergen;1;Helseatlas - Dagkirurgi, 2011-2013;137.463;126.2;148.8;427385;571;Rate;Nedre_KI;Øvre_KI;Innbyggere;Antall inngrep;2011-2013
12;12;Hemoroider;Fonna;1;Helseatlas - Dagkirurgi, 2011-2013;202.222;181.1;223.3;176173;353;Rate;Nedre_KI;Øvre_KI;Innbyggere;Antall inngrep;2011-2013
13;12;Hemoroider;Stavanger;1;Helseatlas - Dagkirurgi, 2011-2013;235.505;218.8;252.2;346059;771;Rate;Nedre_KI;Øvre_KI;Innbyggere;Antall inngrep;2011-2013
14;12;Hemoroider;Østfold;1;Helseatlas - Dagkirurgi, 2011-2013;111.348;99.2;123.5;281088;323;Rate;Nedre_KI;Øvre_KI;Innbyggere;Antall inngrep;2011-2013
15;12;Hemoroider;Akershus;1;Helseatlas - Dagkirurgi, 2011-2013;134.539;122.8;146.3;373020;507;Rate;Nedre_KI;Øvre_KI;Innbyggere;Antall inngrep;2011-2013
16;12;Hemoroider;OUS;1;Helseatlas - Dagkirurgi, 2011-2013;111.697;103;120.4;623905;650;Rate;Nedre_KI;Øvre_KI;Innbyggere;Antall inngrep;2011-2013
17;12;Hemoroider;Innlandet;1;Helseatlas - Dagkirurgi, 2011-2013;338.019;320.4;355.6;394389;1437;Rate;Nedre_KI;Øvre_KI;Innbyggere;Antall inngrep;2011-2013
18;12;Hemoroider;Vestre Viken;1;Helseatlas - Dagkirurgi, 2011-2013;155.349;144.2;166.5;464692;741;Rate;Nedre_KI;Øvre_KI;Innbyggere;Antall inngrep;2011-2013
19;12;Hemoroider;Vestfold;1;Helseatlas - Dagkirurgi, 2011-2013;129.41;114.7;144.1;223250;298;Rate;Nedre_KI;Øvre_KI;Innbyggere;Antall inngrep;2011-2013
20;12;Hemoroider;Telemark;1;Helseatlas - Dagkirurgi, 2011-2013;97.967;83.3;112.6;170798;174;Rate;Nedre_KI;Øvre_KI;Innbyggere;Antall inngrep;2011-2013
21;12;Hemoroider;Sørlandet;1;Helseatlas - Dagkirurgi, 2011-2013;111.621;99.4;123.8;289056;321;Rate;Nedre_KI;Øvre_KI;Innbyggere;Antall inngrep;2011-2013
8888;12;Hemoroider;Norge;1;Helseatlas - Dagkirurgi, 2011-2013;164.818;;;;;Rate;Nedre_KI;Øvre_KI;Innbyggere;Antall inngrep;2011-2013
