area;level2;level2_no;area_no;Level1;level1_no;value;numerator;denominator;type;name_numerator;name_denominator;Period
1;1;Andel 39 år eller eldre;Finnmark;1;Populasjon;5.74;43;749;Andel (%);Antall;Fødsler;2015-2017
2;1;Andel 39 år eller eldre;UNN;1;Populasjon;4.86;95;1953;Andel (%);Antall;Fødsler;2015-2017
3;1;Andel 39 år eller eldre;Nordland;1;Populasjon;5.27;72;1373;Andel (%);Antall;Fødsler;2015-2017
4;1;Andel 39 år eller eldre;Helgeland;1;Populasjon;3.32;24;732;Andel (%);Antall;Fødsler;2015-2017
5;1;Andel 39 år eller eldre;Nord-Trøndelag;1;Populasjon;3.81;52;1372;Andel (%);Antall;Fødsler;2015-2017
6;1;Andel 39 år eller eldre;St. Olavs;1;Populasjon;4.57;164;3597;Andel (%);Antall;Fødsler;2015-2017
7;1;Andel 39 år eller eldre;Møre og Romsdal;1;Populasjon;4.48;121;2711;Andel (%);Antall;Fødsler;2015-2017
8;1;Andel 39 år eller eldre;Førde;1;Populasjon;4.69;51;1087;Andel (%);Antall;Fødsler;2015-2017
9;1;Andel 39 år eller eldre;Bergen;1;Populasjon;5.43;296;5443;Andel (%);Antall;Fødsler;2015-2017
10;1;Andel 39 år eller eldre;Fonna;1;Populasjon;3.47;69;1977;Andel (%);Antall;Fødsler;2015-2017
11;1;Andel 39 år eller eldre;Stavanger;1;Populasjon;4.49;215;4781;Andel (%);Antall;Fødsler;2015-2017
12;1;Andel 39 år eller eldre;Østfold;1;Populasjon;5.03;142;2832;Andel (%);Antall;Fødsler;2015-2017
13;1;Andel 39 år eller eldre;Akershus;1;Populasjon;6.78;365;5381;Andel (%);Antall;Fødsler;2015-2017
14;1;Andel 39 år eller eldre;OUS;1;Populasjon;8.27;334;4041;Andel (%);Antall;Fødsler;2015-2017
15;1;Andel 39 år eller eldre;Lovisenberg;1;Populasjon;7.37;194;2629;Andel (%);Antall;Fødsler;2015-2017
16;1;Andel 39 år eller eldre;Diakonhjemmet;1;Populasjon;8.74;150;1716;Andel (%);Antall;Fødsler;2015-2017
17;1;Andel 39 år eller eldre;Innlandet;1;Populasjon;5.13;178;3477;Andel (%);Antall;Fødsler;2015-2017
18;1;Andel 39 år eller eldre;Vestre Viken;1;Populasjon;6.72;323;4803;Andel (%);Antall;Fødsler;2015-2017
19;1;Andel 39 år eller eldre;Vestfold;1;Populasjon;5.05;110;2178;Andel (%);Antall;Fødsler;2015-2017
20;1;Andel 39 år eller eldre;Telemark;1;Populasjon;4.7;73;1553;Andel (%);Antall;Fødsler;2015-2017
21;1;Andel 39 år eller eldre;Sørlandet;1;Populasjon;4.21;134;3188;Andel (%);Antall;Fødsler;2015-2017
8888;1;Andel 39 år eller eldre;Norge;1;Populasjon;5.57;3206;57572;Andel (%);Antall;Fødsler;2015-2017
1;2;Alder ved første fødsel;Finnmark;1;Populasjon;27.37;305;749;Snittalder;Antall;Alle fødsler;2015-2017
2;2;Alder ved første fødsel;UNN;1;Populasjon;28;818;1953;Snittalder;Antall;Alle fødsler;2015-2017
3;2;Alder ved første fødsel;Nordland;1;Populasjon;27.5;541;1373;Snittalder;Antall;Alle fødsler;2015-2017
4;2;Alder ved første fødsel;Helgeland;1;Populasjon;26.73;290;732;Snittalder;Antall;Alle fødsler;2015-2017
5;2;Alder ved første fødsel;Nord-Trøndelag;1;Populasjon;26.83;512;1372;Snittalder;Antall;Alle fødsler;2015-2017
6;2;Alder ved første fødsel;St. Olavs;1;Populasjon;28.7;1564;3597;Snittalder;Antall;Alle fødsler;2015-2017
7;2;Alder ved første fødsel;Møre og Romsdal;1;Populasjon;28.1;1049;2711;Snittalder;Antall;Alle fødsler;2015-2017
8;2;Alder ved første fødsel;Førde;1;Populasjon;28;389;1087;Snittalder;Antall;Alle fødsler;2015-2017
9;2;Alder ved første fødsel;Bergen;1;Populasjon;28.9;2296;5443;Snittalder;Antall;Alle fødsler;2015-2017
10;2;Alder ved første fødsel;Fonna;1;Populasjon;27.4;739;1977;Snittalder;Antall;Alle fødsler;2015-2017
11;2;Alder ved første fødsel;Stavanger;1;Populasjon;28.7;1917;4781;Snittalder;Antall;Alle fødsler;2015-2017
12;2;Alder ved første fødsel;Østfold;1;Populasjon;28.07;1176;2832;Snittalder;Antall;Alle fødsler;2015-2017
13;2;Alder ved første fødsel;Akershus;1;Populasjon;29.4;2176;5381;Snittalder;Antall;Alle fødsler;2015-2017
14;2;Alder ved første fødsel;OUS;1;Populasjon;30.87;2008;4041;Snittalder;Antall;Alle fødsler;2015-2017
15;2;Alder ved første fødsel;Lovisenberg;1;Populasjon;31.53;1594;2629;Snittalder;Antall;Alle fødsler;2015-2017
16;2;Alder ved første fødsel;Diakonhjemmet;1;Populasjon;31.87;905;1716;Snittalder;Antall;Alle fødsler;2015-2017
17;2;Alder ved første fødsel;Innlandet;1;Populasjon;28.1;1435;3477;Snittalder;Antall;Alle fødsler;2015-2017
18;2;Alder ved første fødsel;Vestre Viken;1;Populasjon;29.6;1958;4803;Snittalder;Antall;Alle fødsler;2015-2017
19;2;Alder ved første fødsel;Vestfold;1;Populasjon;28.57;889;2178;Snittalder;Antall;Alle fødsler;2015-2017
20;2;Alder ved første fødsel;Telemark;1;Populasjon;27.9;643;1553;Snittalder;Antall;Alle fødsler;2015-2017
21;2;Alder ved første fødsel;Sørlandet;1;Populasjon;27.93;1246;3188;Snittalder;Antall;Alle fødsler;2015-2017
8888;2;Alder ved første fødsel;Norge;1;Populasjon;28.57;24452;57572;Snittalder;Antall;Alle fødsler;2015-2017
1;3;Overvekt hos mor, førstegangsfødende;Finnmark;1;Populasjon;13.16;38;283;Rate;Antall;Fødsler;2015-2017
2;3;Overvekt hos mor, førstegangsfødende;UNN;1;Populasjon;11.39;75;647;Rate;Antall;Fødsler;2015-2017
3;3;Overvekt hos mor, førstegangsfødende;Nordland;1;Populasjon;13.23;56;413;Rate;Antall;Fødsler;2015-2017
4;3;Overvekt hos mor, førstegangsfødende;Helgeland;1;Populasjon;16.15;32;192;Rate;Antall;Fødsler;2015-2017
5;3;Overvekt hos mor, førstegangsfødende;Nord-Trøndelag;1;Populasjon;14.08;38;258;Rate;Antall;Fødsler;2015-2017
6;3;Overvekt hos mor, førstegangsfødende;St. Olavs;1;Populasjon;11.57;85;731;Rate;Antall;Fødsler;2015-2017
7;3;Overvekt hos mor, førstegangsfødende;Møre og Romsdal;1;Populasjon;10.47;93;873;Rate;Antall;Fødsler;2015-2017
8;3;Overvekt hos mor, førstegangsfødende;Førde;1;Populasjon;10.87;35;319;Rate;Antall;Fødsler;2015-2017
9;3;Overvekt hos mor, førstegangsfødende;Bergen;1;Populasjon;9.48;186;1960;Rate;Antall;Fødsler;2015-2017
10;3;Overvekt hos mor, førstegangsfødende;Fonna;1;Populasjon;12.1;79;638;Rate;Antall;Fødsler;2015-2017
11;3;Overvekt hos mor, førstegangsfødende;Stavanger;1;Populasjon;9.13;174;1900;Rate;Antall;Fødsler;2015-2017
12;3;Overvekt hos mor, førstegangsfødende;Østfold;1;Populasjon;13.36;140;1033;Rate;Antall;Fødsler;2015-2017
13;3;Overvekt hos mor, førstegangsfødende;Akershus;1;Populasjon;10.76;204;1909;Rate;Antall;Fødsler;2015-2017
14;3;Overvekt hos mor, førstegangsfødende;OUS;1;Populasjon;5.12;78;1570;Rate;Antall;Fødsler;2015-2017
15;3;Overvekt hos mor, førstegangsfødende;Lovisenberg;1;Populasjon;5.14;63;1281;Rate;Antall;Fødsler;2015-2017
16;3;Overvekt hos mor, førstegangsfødende;Diakonhjemmet;1;Populasjon;3.12;21;707;Rate;Antall;Fødsler;2015-2017
17;3;Overvekt hos mor, førstegangsfødende;Innlandet;1;Populasjon;15.61;194;1223;Rate;Antall;Fødsler;2015-2017
18;3;Overvekt hos mor, førstegangsfødende;Vestre Viken;1;Populasjon;10.48;180;1740;Rate;Antall;Fødsler;2015-2017
19;3;Overvekt hos mor, førstegangsfødende;Vestfold;1;Populasjon;12.39;101;810;Rate;Antall;Fødsler;2015-2017
20;3;Overvekt hos mor, førstegangsfødende;Telemark;1;Populasjon;13.7;77;555;Rate;Antall;Fødsler;2015-2017
21;3;Overvekt hos mor, førstegangsfødende;Sørlandet;1;Populasjon;10.66;125;1150;Rate;Antall;Fødsler;2015-2017
8888;3;Overvekt hos mor, førstegangsfødende;Norge;1;Populasjon;10.28;2076;20192;Rate;Antall;Fødsler;2015-2017
1;4;Overvekt hos mor, flergangsfødende;Finnmark;1;Populasjon;14.27;59;408;Rate;Antall;Fødsler;2015-2017
2;4;Overvekt hos mor, flergangsfødende;UNN;1;Populasjon;16.45;141;849;Rate;Antall;Fødsler;2015-2017
3;4;Overvekt hos mor, flergangsfødende;Nordland;1;Populasjon;16.85;102;599;Rate;Antall;Fødsler;2015-2017
4;4;Overvekt hos mor, flergangsfødende;Helgeland;1;Populasjon;18.11;51;274;Rate;Antall;Fødsler;2015-2017
5;4;Overvekt hos mor, flergangsfødende;Nord-Trøndelag;1;Populasjon;19.95;81;402;Rate;Antall;Fødsler;2015-2017
6;4;Overvekt hos mor, flergangsfødende;St. Olavs;1;Populasjon;16.52;125;756;Rate;Antall;Fødsler;2015-2017
7;4;Overvekt hos mor, flergangsfødende;Møre og Romsdal;1;Populasjon;13.6;179;1315;Rate;Antall;Fødsler;2015-2017
8;4;Overvekt hos mor, flergangsfødende;Førde;1;Populasjon;14.58;79;540;Rate;Antall;Fødsler;2015-2017
9;4;Overvekt hos mor, flergangsfødende;Bergen;1;Populasjon;13.05;324;2483;Rate;Antall;Fødsler;2015-2017
10;4;Overvekt hos mor, flergangsfødende;Fonna;1;Populasjon;13.36;141;1051;Rate;Antall;Fødsler;2015-2017
11;4;Overvekt hos mor, flergangsfødende;Stavanger;1;Populasjon;10.64;296;2784;Rate;Antall;Fødsler;2015-2017
12;4;Overvekt hos mor, flergangsfødende;Østfold;1;Populasjon;15.05;217;1438;Rate;Antall;Fødsler;2015-2017
13;4;Overvekt hos mor, flergangsfødende;Akershus;1;Populasjon;12.54;337;2699;Rate;Antall;Fødsler;2015-2017
14;4;Overvekt hos mor, flergangsfødende;OUS;1;Populasjon;8.83;131;1503;Rate;Antall;Fødsler;2015-2017
15;4;Overvekt hos mor, flergangsfødende;Lovisenberg;1;Populasjon;8.74;65;755;Rate;Antall;Fødsler;2015-2017
16;4;Overvekt hos mor, flergangsfødende;Diakonhjemmet;1;Populasjon;2.86;17;591;Rate;Antall;Fødsler;2015-2017
17;4;Overvekt hos mor, flergangsfødende;Innlandet;1;Populasjon;18.19;309;1691;Rate;Antall;Fødsler;2015-2017
18;4;Overvekt hos mor, flergangsfødende;Vestre Viken;1;Populasjon;12.02;285;2391;Rate;Antall;Fødsler;2015-2017
19;4;Overvekt hos mor, flergangsfødende;Vestfold;1;Populasjon;14.25;165;1154;Rate;Antall;Fødsler;2015-2017
20;4;Overvekt hos mor, flergangsfødende;Telemark;1;Populasjon;16.19;123;756;Rate;Antall;Fødsler;2015-2017
21;4;Overvekt hos mor, flergangsfødende;Sørlandet;1;Populasjon;11.7;207;1766;Rate;Antall;Fødsler;2015-2017
8888;4;Overvekt hos mor, flergangsfødende;Norge;1;Populasjon;13.11;3435;26208;Rate;Antall;Fødsler;2015-2017
1;5;Førstegangsfødende, Robsongruppe 1;Finnmark;1;Populasjon;68.25;211;305;Andel (%);Antall;Fødsler;2015-2017
2;5;Førstegangsfødende, Robsongruppe 1;UNN;1;Populasjon;67.72;560;818;Andel (%);Antall;Fødsler;2015-2017
3;5;Førstegangsfødende, Robsongruppe 1;Nordland;1;Populasjon;69.93;383;541;Andel (%);Antall;Fødsler;2015-2017
4;5;Førstegangsfødende, Robsongruppe 1;Helgeland;1;Populasjon;65.6;195;290;Andel (%);Antall;Fødsler;2015-2017
5;5;Førstegangsfødende, Robsongruppe 1;Nord-Trøndelag;1;Populasjon;60.86;320;512;Andel (%);Antall;Fødsler;2015-2017
6;5;Førstegangsfødende, Robsongruppe 1;St. Olavs;1;Populasjon;66.16;1039;1564;Andel (%);Antall;Fødsler;2015-2017
7;5;Førstegangsfødende, Robsongruppe 1;Møre og Romsdal;1;Populasjon;63.12;670;1049;Andel (%);Antall;Fødsler;2015-2017
8;5;Førstegangsfødende, Robsongruppe 1;Førde;1;Populasjon;67.38;265;389;Andel (%);Antall;Fødsler;2015-2017
9;5;Førstegangsfødende, Robsongruppe 1;Bergen;1;Populasjon;68.17;1568;2296;Andel (%);Antall;Fødsler;2015-2017
10;5;Førstegangsfødende, Robsongruppe 1;Fonna;1;Populasjon;63.7;481;739;Andel (%);Antall;Fødsler;2015-2017
11;5;Førstegangsfødende, Robsongruppe 1;Stavanger;1;Populasjon;62.1;1196;1917;Andel (%);Antall;Fødsler;2015-2017
12;5;Førstegangsfødende, Robsongruppe 1;Østfold;1;Populasjon;61.74;736;1176;Andel (%);Antall;Fødsler;2015-2017
13;5;Førstegangsfødende, Robsongruppe 1;Akershus;1;Populasjon;63.77;1383;2176;Andel (%);Antall;Fødsler;2015-2017
14;5;Førstegangsfødende, Robsongruppe 1;OUS;1;Populasjon;65.81;1290;2008;Andel (%);Antall;Fødsler;2015-2017
15;5;Førstegangsfødende, Robsongruppe 1;Lovisenberg;1;Populasjon;67.26;1039;1594;Andel (%);Antall;Fødsler;2015-2017
16;5;Førstegangsfødende, Robsongruppe 1;Diakonhjemmet;1;Populasjon;66.74;581;905;Andel (%);Antall;Fødsler;2015-2017
17;5;Førstegangsfødende, Robsongruppe 1;Innlandet;1;Populasjon;62.58;910;1435;Andel (%);Antall;Fødsler;2015-2017
18;5;Førstegangsfødende, Robsongruppe 1;Vestre Viken;1;Populasjon;62.49;1215;1958;Andel (%);Antall;Fødsler;2015-2017
19;5;Førstegangsfødende, Robsongruppe 1;Vestfold;1;Populasjon;66.46;593;889;Andel (%);Antall;Fødsler;2015-2017
20;5;Førstegangsfødende, Robsongruppe 1;Telemark;1;Populasjon;62.7;409;643;Andel (%);Antall;Fødsler;2015-2017
21;5;Førstegangsfødende, Robsongruppe 1;Sørlandet;1;Populasjon;63.25;800;1246;Andel (%);Antall;Fødsler;2015-2017
8888;5;Førstegangsfødende, Robsongruppe 1;Norge;1;Populasjon;64.8;15846;24452;Andel (%);Antall;Fødsler;2015-2017
1;6;Førstegangsfødende, Robsongruppe 3;Finnmark;1;Populasjon;58.17;261;444;Andel (%);Antall;Fødsler;2015-2017
2;6;Førstegangsfødende, Robsongruppe 3;UNN;1;Populasjon;61.2;698;1135;Andel (%);Antall;Fødsler;2015-2017
3;6;Førstegangsfødende, Robsongruppe 3;Nordland;1;Populasjon;61.29;516;832;Andel (%);Antall;Fødsler;2015-2017
4;6;Førstegangsfødende, Robsongruppe 3;Helgeland;1;Populasjon;63.68;288;442;Andel (%);Antall;Fødsler;2015-2017
5;6;Førstegangsfødende, Robsongruppe 3;Nord-Trøndelag;1;Populasjon;55.18;487;861;Andel (%);Antall;Fødsler;2015-2017
6;6;Førstegangsfødende, Robsongruppe 3;St. Olavs;1;Populasjon;61.86;1264;2033;Andel (%);Antall;Fødsler;2015-2017
7;6;Førstegangsfødende, Robsongruppe 3;Møre og Romsdal;1;Populasjon;59.41;996;1662;Andel (%);Antall;Fødsler;2015-2017
8;6;Førstegangsfødende, Robsongruppe 3;Førde;1;Populasjon;59.17;415;698;Andel (%);Antall;Fødsler;2015-2017
9;6;Førstegangsfødende, Robsongruppe 3;Bergen;1;Populasjon;64.71;2037;3146;Andel (%);Antall;Fødsler;2015-2017
10;6;Førstegangsfødende, Robsongruppe 3;Fonna;1;Populasjon;60.21;758;1237;Andel (%);Antall;Fødsler;2015-2017
11;6;Førstegangsfødende, Robsongruppe 3;Stavanger;1;Populasjon;60.55;1745;2864;Andel (%);Antall;Fødsler;2015-2017
12;6;Førstegangsfødende, Robsongruppe 3;Østfold;1;Populasjon;56.88;949;1656;Andel (%);Antall;Fødsler;2015-2017
13;6;Førstegangsfødende, Robsongruppe 3;Akershus;1;Populasjon;60.51;1921;3205;Andel (%);Antall;Fødsler;2015-2017
14;6;Førstegangsfødende, Robsongruppe 3;OUS;1;Populasjon;61.13;1209;2033;Andel (%);Antall;Fødsler;2015-2017
15;6;Førstegangsfødende, Robsongruppe 3;Lovisenberg;1;Populasjon;63.67;641;1035;Andel (%);Antall;Fødsler;2015-2017
16;6;Førstegangsfødende, Robsongruppe 3;Diakonhjemmet;1;Populasjon;61.59;477;810;Andel (%);Antall;Fødsler;2015-2017
17;6;Førstegangsfødende, Robsongruppe 3;Innlandet;1;Populasjon;57.19;1180;2043;Andel (%);Antall;Fødsler;2015-2017
18;6;Førstegangsfødende, Robsongruppe 3;Vestre Viken;1;Populasjon;59.17;1658;2845;Andel (%);Antall;Fødsler;2015-2017
19;6;Førstegangsfødende, Robsongruppe 3;Vestfold;1;Populasjon;60.87;790;1289;Andel (%);Antall;Fødsler;2015-2017
20;6;Førstegangsfødende, Robsongruppe 3;Telemark;1;Populasjon;58.16;538;910;Andel (%);Antall;Fødsler;2015-2017
21;6;Førstegangsfødende, Robsongruppe 3;Sørlandet;1;Populasjon;60.56;1188;1942;Andel (%);Antall;Fødsler;2015-2017
8888;6;Førstegangsfødende, Robsongruppe 3;Norge;1;Populasjon;60.43;20015;33120;Andel (%);Antall;Fødsler;2015-2017
1;7;Kontakter hos jordmor;Finnmark;2;Svangerskapsomsorgen;5.56;4384;769;Rate;Antall;Fødsler;2015-2017
2;7;Kontakter hos jordmor;UNN;2;Svangerskapsomsorgen;4.39;8669;1949;Rate;Antall;Fødsler;2015-2017
3;7;Kontakter hos jordmor;Nordland;2;Svangerskapsomsorgen;5.32;7271;1340;Rate;Antall;Fødsler;2015-2017
4;7;Kontakter hos jordmor;Helgeland;2;Svangerskapsomsorgen;5.23;3933;723;Rate;Antall;Fødsler;2015-2017
5;7;Kontakter hos jordmor;Nord-Trøndelag;2;Svangerskapsomsorgen;5.33;7268;1321;Rate;Antall;Fødsler;2015-2017
6;7;Kontakter hos jordmor;St. Olavs;2;Svangerskapsomsorgen;3.69;13333;3585;Rate;Antall;Fødsler;2015-2017
7;7;Kontakter hos jordmor;Møre og Romsdal;2;Svangerskapsomsorgen;5.22;14221;2696;Rate;Antall;Fødsler;2015-2017
8;7;Kontakter hos jordmor;Førde;2;Svangerskapsomsorgen;5.84;6172;1050;Rate;Antall;Fødsler;2015-2017
9;7;Kontakter hos jordmor;Bergen;2;Svangerskapsomsorgen;4.59;24703;5381;Rate;Antall;Fødsler;2015-2017
10;7;Kontakter hos jordmor;Fonna;2;Svangerskapsomsorgen;4.58;9133;1943;Rate;Antall;Fødsler;2015-2017
11;7;Kontakter hos jordmor;Stavanger;2;Svangerskapsomsorgen;3.7;17505;4713;Rate;Antall;Fødsler;2015-2017
12;7;Kontakter hos jordmor;Østfold;2;Svangerskapsomsorgen;4.86;13619;2760;Rate;Antall;Fødsler;2015-2017
13;7;Kontakter hos jordmor;Akershus;2;Svangerskapsomsorgen;4.8;25740;5423;Rate;Antall;Fødsler;2015-2017
14;7;Kontakter hos jordmor;OUS;2;Svangerskapsomsorgen;3.38;12420;3804;Rate;Antall;Fødsler;2015-2017
15;7;Kontakter hos jordmor;Lovisenberg;2;Svangerskapsomsorgen;3.96;10403;2722;Rate;Antall;Fødsler;2015-2017
16;7;Kontakter hos jordmor;Diakonhjemmet;2;Svangerskapsomsorgen;3.51;5809;1750;Rate;Antall;Fødsler;2015-2017
17;7;Kontakter hos jordmor;Innlandet;2;Svangerskapsomsorgen;5.01;17533;3441;Rate;Antall;Fødsler;2015-2017
18;7;Kontakter hos jordmor;Vestre Viken;2;Svangerskapsomsorgen;3.6;16970;4805;Rate;Antall;Fødsler;2015-2017
19;7;Kontakter hos jordmor;Vestfold;2;Svangerskapsomsorgen;4.08;8881;2162;Rate;Antall;Fødsler;2015-2017
20;7;Kontakter hos jordmor;Telemark;2;Svangerskapsomsorgen;4.79;7536;1540;Rate;Antall;Fødsler;2015-2017
21;7;Kontakter hos jordmor;Sørlandet;2;Svangerskapsomsorgen;5.11;16801;3242;Rate;Antall;Fødsler;2015-2017
8888;7;Kontakter hos jordmor;Norge;2;Svangerskapsomsorgen;4.42;252305;57120;Rate;Antall;Fødsler;2015-2017
1;8;Kontakter hos fastlege/legevakt;Finnmark;2;Svangerskapsomsorgen;1.32;1012;769;Rate;Antall;Fødsler;2015-2017
2;8;Kontakter hos fastlege/legevakt;UNN;2;Svangerskapsomsorgen;2.43;4732;1949;Rate;Antall;Fødsler;2015-2017
3;8;Kontakter hos fastlege/legevakt;Nordland;2;Svangerskapsomsorgen;1.67;2233;1340;Rate;Antall;Fødsler;2015-2017
4;8;Kontakter hos fastlege/legevakt;Helgeland;2;Svangerskapsomsorgen;2.23;1608;723;Rate;Antall;Fødsler;2015-2017
5;8;Kontakter hos fastlege/legevakt;Nord-Trøndelag;2;Svangerskapsomsorgen;1.96;2590;1321;Rate;Antall;Fødsler;2015-2017
6;8;Kontakter hos fastlege/legevakt;St. Olavs;2;Svangerskapsomsorgen;3.04;10915;3585;Rate;Antall;Fødsler;2015-2017
7;8;Kontakter hos fastlege/legevakt;Møre og Romsdal;2;Svangerskapsomsorgen;2.25;6054;2696;Rate;Antall;Fødsler;2015-2017
8;8;Kontakter hos fastlege/legevakt;Førde;2;Svangerskapsomsorgen;1.46;1530;1050;Rate;Antall;Fødsler;2015-2017
9;8;Kontakter hos fastlege/legevakt;Bergen;2;Svangerskapsomsorgen;3.38;18202;5381;Rate;Antall;Fødsler;2015-2017
10;8;Kontakter hos fastlege/legevakt;Fonna;2;Svangerskapsomsorgen;2.97;5756;1943;Rate;Antall;Fødsler;2015-2017
11;8;Kontakter hos fastlege/legevakt;Stavanger;2;Svangerskapsomsorgen;3.99;18782;4713;Rate;Antall;Fødsler;2015-2017
12;8;Kontakter hos fastlege/legevakt;Østfold;2;Svangerskapsomsorgen;3.32;9158;2760;Rate;Antall;Fødsler;2015-2017
13;8;Kontakter hos fastlege/legevakt;Akershus;2;Svangerskapsomsorgen;3.39;18371;5423;Rate;Antall;Fødsler;2015-2017
14;8;Kontakter hos fastlege/legevakt;OUS;2;Svangerskapsomsorgen;3.94;15006;3804;Rate;Antall;Fødsler;2015-2017
15;8;Kontakter hos fastlege/legevakt;Lovisenberg;2;Svangerskapsomsorgen;3.86;10520;2722;Rate;Antall;Fødsler;2015-2017
16;8;Kontakter hos fastlege/legevakt;Diakonhjemmet;2;Svangerskapsomsorgen;4.08;7169;1750;Rate;Antall;Fødsler;2015-2017
17;8;Kontakter hos fastlege/legevakt;Innlandet;2;Svangerskapsomsorgen;2.89;9951;3441;Rate;Antall;Fødsler;2015-2017
18;8;Kontakter hos fastlege/legevakt;Vestre Viken;2;Svangerskapsomsorgen;3.57;17159;4805;Rate;Antall;Fødsler;2015-2017
19;8;Kontakter hos fastlege/legevakt;Vestfold;2;Svangerskapsomsorgen;3.42;7402;2162;Rate;Antall;Fødsler;2015-2017
20;8;Kontakter hos fastlege/legevakt;Telemark;2;Svangerskapsomsorgen;2.8;4303;1540;Rate;Antall;Fødsler;2015-2017
21;8;Kontakter hos fastlege/legevakt;Sørlandet;2;Svangerskapsomsorgen;3.43;11113;3242;Rate;Antall;Fødsler;2015-2017
8888;8;Kontakter hos fastlege/legevakt;Norge;2;Svangerskapsomsorgen;3.21;183564;57120;Rate;Antall;Fødsler;2015-2017
1;9;Kontakter i spes.helsetjenesten;Finnmark;2;Svangerskapsomsorgen;4.42;3400;769;Rate;Antall;Fødsler;2015-2017
2;9;Kontakter i spes.helsetjenesten;UNN;2;Svangerskapsomsorgen;4.62;8998;1949;Rate;Antall;Fødsler;2015-2017
3;9;Kontakter i spes.helsetjenesten;Nordland;2;Svangerskapsomsorgen;4.54;6090;1339;Rate;Antall;Fødsler;2015-2017
4;9;Kontakter i spes.helsetjenesten;Helgeland;2;Svangerskapsomsorgen;5.93;4270;723;Rate;Antall;Fødsler;2015-2017
5;9;Kontakter i spes.helsetjenesten;Nord-Trøndelag;2;Svangerskapsomsorgen;5.1;6717;1321;Rate;Antall;Fødsler;2015-2017
6;9;Kontakter i spes.helsetjenesten;St. Olavs;2;Svangerskapsomsorgen;4.4;15739;3586;Rate;Antall;Fødsler;2015-2017
7;9;Kontakter i spes.helsetjenesten;Møre og Romsdal;2;Svangerskapsomsorgen;4.55;12236;2698;Rate;Antall;Fødsler;2015-2017
8;9;Kontakter i spes.helsetjenesten;Førde;2;Svangerskapsomsorgen;4.61;4833;1050;Rate;Antall;Fødsler;2015-2017
9;9;Kontakter i spes.helsetjenesten;Bergen;2;Svangerskapsomsorgen;3.94;21199;5381;Rate;Antall;Fødsler;2015-2017
10;9;Kontakter i spes.helsetjenesten;Fonna;2;Svangerskapsomsorgen;4.67;9026;1944;Rate;Antall;Fødsler;2015-2017
11;9;Kontakter i spes.helsetjenesten;Stavanger;2;Svangerskapsomsorgen;4.65;21871;4714;Rate;Antall;Fødsler;2015-2017
12;9;Kontakter i spes.helsetjenesten;Østfold;2;Svangerskapsomsorgen;4.28;11790;2760;Rate;Antall;Fødsler;2015-2017
13;9;Kontakter i spes.helsetjenesten;Akershus;2;Svangerskapsomsorgen;4.06;22054;5423;Rate;Antall;Fødsler;2015-2017
14;9;Kontakter i spes.helsetjenesten;OUS;2;Svangerskapsomsorgen;4.3;16436;3799;Rate;Antall;Fødsler;2015-2017
15;9;Kontakter i spes.helsetjenesten;Lovisenberg;2;Svangerskapsomsorgen;4.4;12009;2719;Rate;Antall;Fødsler;2015-2017
16;9;Kontakter i spes.helsetjenesten;Diakonhjemmet;2;Svangerskapsomsorgen;4.48;7905;1750;Rate;Antall;Fødsler;2015-2017
17;9;Kontakter i spes.helsetjenesten;Innlandet;2;Svangerskapsomsorgen;5.25;18024;3441;Rate;Antall;Fødsler;2015-2017
18;9;Kontakter i spes.helsetjenesten;Vestre Viken;2;Svangerskapsomsorgen;5.6;26985;4803;Rate;Antall;Fødsler;2015-2017
19;9;Kontakter i spes.helsetjenesten;Vestfold;2;Svangerskapsomsorgen;4.87;10520;2162;Rate;Antall;Fødsler;2015-2017
20;9;Kontakter i spes.helsetjenesten;Telemark;2;Svangerskapsomsorgen;5.44;8341;1540;Rate;Antall;Fødsler;2015-2017
21;9;Kontakter i spes.helsetjenesten;Sørlandet;2;Svangerskapsomsorgen;5.47;17683;3241;Rate;Antall;Fødsler;2015-2017
8888;9;Kontakter i spes.helsetjenesten;Norge;2;Svangerskapsomsorgen;4.66;266126;57113;Rate;Antall;Fødsler;2015-2017
1;10;Svangerskapsdiabetes, førstegangsfødende;Finnmark;2;Svangerskapsomsorgen;40.33;11;305;Rate;Antall;Fødsler;2015-2017
2;10;Svangerskapsdiabetes, førstegangsfødende;UNN;2;Svangerskapsomsorgen;25.74;20;818;Rate;Antall;Fødsler;2015-2017
3;10;Svangerskapsdiabetes, førstegangsfødende;Nordland;2;Svangerskapsomsorgen;48.43;24;541;Rate;Antall;Fødsler;2015-2017
4;10;Svangerskapsdiabetes, førstegangsfødende;Helgeland;2;Svangerskapsomsorgen;52.3;13;290;Rate;Antall;Fødsler;2015-2017
5;10;Svangerskapsdiabetes, førstegangsfødende;Nord-Trøndelag;2;Svangerskapsomsorgen;35.05;16;512;Rate;Antall;Fødsler;2015-2017
6;10;Svangerskapsdiabetes, førstegangsfødende;St. Olavs;2;Svangerskapsomsorgen;29.83;46;1564;Rate;Antall;Fødsler;2015-2017
7;10;Svangerskapsdiabetes, førstegangsfødende;Møre og Romsdal;2;Svangerskapsomsorgen;54.27;54;1049;Rate;Antall;Fødsler;2015-2017
8;10;Svangerskapsdiabetes, førstegangsfødende;Førde;2;Svangerskapsomsorgen;111.2;41;389;Rate;Antall;Fødsler;2015-2017
9;10;Svangerskapsdiabetes, førstegangsfødende;Bergen;2;Svangerskapsomsorgen;65.42;149;2296;Rate;Antall;Fødsler;2015-2017
10;10;Svangerskapsdiabetes, førstegangsfødende;Fonna;2;Svangerskapsomsorgen;47.94;32;739;Rate;Antall;Fødsler;2015-2017
11;10;Svangerskapsdiabetes, førstegangsfødende;Stavanger;2;Svangerskapsomsorgen;33.26;62;1917;Rate;Antall;Fødsler;2015-2017
12;10;Svangerskapsdiabetes, førstegangsfødende;Østfold;2;Svangerskapsomsorgen;59.4;66;1176;Rate;Antall;Fødsler;2015-2017
13;10;Svangerskapsdiabetes, førstegangsfødende;Akershus;2;Svangerskapsomsorgen;43.19;95;2176;Rate;Antall;Fødsler;2015-2017
14;10;Svangerskapsdiabetes, førstegangsfødende;OUS;2;Svangerskapsomsorgen;39.43;88;2008;Rate;Antall;Fødsler;2015-2017
15;10;Svangerskapsdiabetes, førstegangsfødende;Lovisenberg;2;Svangerskapsomsorgen;34.5;64;1594;Rate;Antall;Fødsler;2015-2017
16;10;Svangerskapsdiabetes, førstegangsfødende;Diakonhjemmet;2;Svangerskapsomsorgen;31.14;34;905;Rate;Antall;Fødsler;2015-2017
17;10;Svangerskapsdiabetes, førstegangsfødende;Innlandet;2;Svangerskapsomsorgen;40.77;55;1435;Rate;Antall;Fødsler;2015-2017
18;10;Svangerskapsdiabetes, førstegangsfødende;Vestre Viken;2;Svangerskapsomsorgen;55.79;113;1958;Rate;Antall;Fødsler;2015-2017
19;10;Svangerskapsdiabetes, førstegangsfødende;Vestfold;2;Svangerskapsomsorgen;37.93;33;889;Rate;Antall;Fødsler;2015-2017
20;10;Svangerskapsdiabetes, førstegangsfødende;Telemark;2;Svangerskapsomsorgen;35.82;21;643;Rate;Antall;Fødsler;2015-2017
21;10;Svangerskapsdiabetes, førstegangsfødende;Sørlandet;2;Svangerskapsomsorgen;58.45;68;1246;Rate;Antall;Fødsler;2015-2017
8888;10;Svangerskapsdiabetes, førstegangsfødende;Norge;2;Svangerskapsomsorgen;45.19;1105;24452;Rate;Antall;Fødsler;2015-2017
1;11;Svangerskapsdiabetes, flergangsfødende;Finnmark;2;Svangerskapsomsorgen;54.76;23;444;Rate;Antall;Fødsler;2015-2017
2;11;Svangerskapsdiabetes, flergangsfødende;UNN;2;Svangerskapsomsorgen;31.99;36;1135;Rate;Antall;Fødsler;2015-2017
3;11;Svangerskapsdiabetes, flergangsfødende;Nordland;2;Svangerskapsomsorgen;54.69;44;832;Rate;Antall;Fødsler;2015-2017
4;11;Svangerskapsdiabetes, flergangsfødende;Helgeland;2;Svangerskapsomsorgen;50.34;20;442;Rate;Antall;Fødsler;2015-2017
5;11;Svangerskapsdiabetes, flergangsfødende;Nord-Trøndelag;2;Svangerskapsomsorgen;36.29;29;861;Rate;Antall;Fødsler;2015-2017
6;11;Svangerskapsdiabetes, flergangsfødende;St. Olavs;2;Svangerskapsomsorgen;39.18;78;2033;Rate;Antall;Fødsler;2015-2017
7;11;Svangerskapsdiabetes, flergangsfødende;Møre og Romsdal;2;Svangerskapsomsorgen;47.63;76;1662;Rate;Antall;Fødsler;2015-2017
8;11;Svangerskapsdiabetes, flergangsfødende;Førde;2;Svangerskapsomsorgen;115.13;79;698;Rate;Antall;Fødsler;2015-2017
9;11;Svangerskapsdiabetes, flergangsfødende;Bergen;2;Svangerskapsomsorgen;70.99;223;3146;Rate;Antall;Fødsler;2015-2017
10;11;Svangerskapsdiabetes, flergangsfødende;Fonna;2;Svangerskapsomsorgen;48.14;55;1237;Rate;Antall;Fødsler;2015-2017
11;11;Svangerskapsdiabetes, flergangsfødende;Stavanger;2;Svangerskapsomsorgen;34.38;96;2864;Rate;Antall;Fødsler;2015-2017
12;11;Svangerskapsdiabetes, flergangsfødende;Østfold;2;Svangerskapsomsorgen;69.3;112;1656;Rate;Antall;Fødsler;2015-2017
13;11;Svangerskapsdiabetes, flergangsfødende;Akershus;2;Svangerskapsomsorgen;47.48;158;3205;Rate;Antall;Fødsler;2015-2017
14;11;Svangerskapsdiabetes, flergangsfødende;OUS;2;Svangerskapsomsorgen;47.76;107;2033;Rate;Antall;Fødsler;2015-2017
15;11;Svangerskapsdiabetes, flergangsfødende;Lovisenberg;2;Svangerskapsomsorgen;53.09;61;1035;Rate;Antall;Fødsler;2015-2017
16;11;Svangerskapsdiabetes, flergangsfødende;Diakonhjemmet;2;Svangerskapsomsorgen;34.08;32;810;Rate;Antall;Fødsler;2015-2017
17;11;Svangerskapsdiabetes, flergangsfødende;Innlandet;2;Svangerskapsomsorgen;46.41;91;2043;Rate;Antall;Fødsler;2015-2017
18;11;Svangerskapsdiabetes, flergangsfødende;Vestre Viken;2;Svangerskapsomsorgen;57.15;172;2845;Rate;Antall;Fødsler;2015-2017
19;11;Svangerskapsdiabetes, flergangsfødende;Vestfold;2;Svangerskapsomsorgen;46.86;59;1289;Rate;Antall;Fødsler;2015-2017
20;11;Svangerskapsdiabetes, flergangsfødende;Telemark;2;Svangerskapsomsorgen;55.91;48;910;Rate;Antall;Fødsler;2015-2017
21;11;Svangerskapsdiabetes, flergangsfødende;Sørlandet;2;Svangerskapsomsorgen;68.93;129;1942;Rate;Antall;Fødsler;2015-2017
8888;11;Svangerskapsdiabetes, flergangsfødende;Norge;2;Svangerskapsomsorgen;52.15;1727;33120;Rate;Antall;Fødsler;2015-2017
1;12;Ukompliserte fødsler;Finnmark;3;Førstegangsfødende;607.58;192;305;Rate;Antall;Fødsler;2015-2017
2;12;Ukompliserte fødsler;UNN;3;Førstegangsfødende;621.13;520;818;Rate;Antall;Fødsler;2015-2017
3;12;Ukompliserte fødsler;Nordland;3;Førstegangsfødende;612.95;342;541;Rate;Antall;Fødsler;2015-2017
4;12;Ukompliserte fødsler;Helgeland;3;Førstegangsfødende;593.95;182;290;Rate;Antall;Fødsler;2015-2017
5;12;Ukompliserte fødsler;Nord-Trøndelag;3;Førstegangsfødende;559.96;301;512;Rate;Antall;Fødsler;2015-2017
6;12;Ukompliserte fødsler;St. Olavs;3;Førstegangsfødende;598.27;942;1564;Rate;Antall;Fødsler;2015-2017
7;12;Ukompliserte fødsler;Møre og Romsdal;3;Førstegangsfødende;589.55;632;1049;Rate;Antall;Fødsler;2015-2017
8;12;Ukompliserte fødsler;Førde;3;Førstegangsfødende;630.91;251;389;Rate;Antall;Fødsler;2015-2017
9;12;Ukompliserte fødsler;Bergen;3;Førstegangsfødende;591.79;1362;2296;Rate;Antall;Fødsler;2015-2017
10;12;Ukompliserte fødsler;Fonna;3;Førstegangsfødende;606.56;466;739;Rate;Antall;Fødsler;2015-2017
11;12;Ukompliserte fødsler;Stavanger;3;Førstegangsfødende;550.52;1064;1917;Rate;Antall;Fødsler;2015-2017
12;12;Ukompliserte fødsler;Østfold;3;Førstegangsfødende;589.69;710;1176;Rate;Antall;Fødsler;2015-2017
13;12;Ukompliserte fødsler;Akershus;3;Førstegangsfødende;596.86;1290;2176;Rate;Antall;Fødsler;2015-2017
14;12;Ukompliserte fødsler;OUS;3;Førstegangsfødende;608.22;1165;2008;Rate;Antall;Fødsler;2015-2017
15;12;Ukompliserte fødsler;Lovisenberg;3;Førstegangsfødende;620.26;926;1594;Rate;Antall;Fødsler;2015-2017
16;12;Ukompliserte fødsler;Diakonhjemmet;3;Førstegangsfødende;628.13;526;905;Rate;Antall;Fødsler;2015-2017
17;12;Ukompliserte fødsler;Innlandet;3;Førstegangsfødende;567.83;835;1435;Rate;Antall;Fødsler;2015-2017
18;12;Ukompliserte fødsler;Vestre Viken;3;Førstegangsfødende;578.3;1117;1958;Rate;Antall;Fødsler;2015-2017
19;12;Ukompliserte fødsler;Vestfold;3;Førstegangsfødende;675.97;606;889;Rate;Antall;Fødsler;2015-2017
20;12;Ukompliserte fødsler;Telemark;3;Førstegangsfødende;604.74;399;643;Rate;Antall;Fødsler;2015-2017
21;12;Ukompliserte fødsler;Sørlandet;3;Førstegangsfødende;596.18;763;1246;Rate;Antall;Fødsler;2015-2017
8888;12;Ukompliserte fødsler;Norge;3;Førstegangsfødende;596.74;14591;24452;Rate;Antall;Fødsler;2015-2017
1;13;Igangsetting;Finnmark;3;Førstegangsfødende;198.85;59;305;Rate;Antall;Fødsler;2015-2017
2;13;Igangsetting;UNN;3;Førstegangsfødende;206.53;167;818;Rate;Antall;Fødsler;2015-2017
3;13;Igangsetting;Nordland;3;Førstegangsfødende;192.26;102;541;Rate;Antall;Fødsler;2015-2017
4;13;Igangsetting;Helgeland;3;Førstegangsfødende;215.01;60;290;Rate;Antall;Fødsler;2015-2017
5;13;Igangsetting;Nord-Trøndelag;3;Førstegangsfødende;265.63;131;512;Rate;Antall;Fødsler;2015-2017
6;13;Igangsetting;St. Olavs;3;Førstegangsfødende;228.72;355;1564;Rate;Antall;Fødsler;2015-2017
7;13;Igangsetting;Møre og Romsdal;3;Førstegangsfødende;270.51;279;1049;Rate;Antall;Fødsler;2015-2017
8;13;Igangsetting;Førde;3;Førstegangsfødende;223.41;86;389;Rate;Antall;Fødsler;2015-2017
9;13;Igangsetting;Bergen;3;Førstegangsfødende;224.94;515;2296;Rate;Antall;Fødsler;2015-2017
10;13;Igangsetting;Fonna;3;Førstegangsfødende;256.43;184;739;Rate;Antall;Fødsler;2015-2017
11;13;Igangsetting;Stavanger;3;Førstegangsfødende;283.27;539;1917;Rate;Antall;Fødsler;2015-2017
12;13;Igangsetting;Østfold;3;Førstegangsfødende;265.39;307;1176;Rate;Antall;Fødsler;2015-2017
13;13;Igangsetting;Akershus;3;Førstegangsfødende;244.2;533;2176;Rate;Antall;Fødsler;2015-2017
14;13;Igangsetting;OUS;3;Førstegangsfødende;224.84;467;2008;Rate;Antall;Fødsler;2015-2017
15;13;Igangsetting;Lovisenberg;3;Førstegangsfødende;227.02;379;1594;Rate;Antall;Fødsler;2015-2017
16;13;Igangsetting;Diakonhjemmet;3;Førstegangsfødende;218.04;209;905;Rate;Antall;Fødsler;2015-2017
17;13;Igangsetting;Innlandet;3;Førstegangsfødende;231.63;327;1435;Rate;Antall;Fødsler;2015-2017
18;13;Igangsetting;Vestre Viken;3;Førstegangsfødende;251.99;498;1958;Rate;Antall;Fødsler;2015-2017
19;13;Igangsetting;Vestfold;3;Førstegangsfødende;221.47;196;889;Rate;Antall;Fødsler;2015-2017
20;13;Igangsetting;Telemark;3;Førstegangsfødende;257.72;162;643;Rate;Antall;Fødsler;2015-2017
21;13;Igangsetting;Sørlandet;3;Førstegangsfødende;251.95;308;1246;Rate;Antall;Fødsler;2015-2017
8888;13;Igangsetting;Norge;3;Førstegangsfødende;239.75;5862;24452;Rate;Antall;Fødsler;2015-2017
1;14;Epidural;Finnmark;3;Førstegangsfødende;350.45;83;240;Rate;Antall;Fødsler;2015-2017
2;14;Epidural;UNN;3;Førstegangsfødende;339.19;219;652;Rate;Antall;Fødsler;2015-2017
3;14;Epidural;Nordland;3;Førstegangsfødende;492.07;218;448;Rate;Antall;Fødsler;2015-2017
4;14;Epidural;Helgeland;3;Førstegangsfødende;444.03;105;240;Rate;Antall;Fødsler;2015-2017
5;14;Epidural;Nord-Trøndelag;3;Førstegangsfødende;506.18;199;400;Rate;Antall;Fødsler;2015-2017
6;14;Epidural;St. Olavs;3;Førstegangsfødende;521.04;652;1255;Rate;Antall;Fødsler;2015-2017
7;14;Epidural;Møre og Romsdal;3;Førstegangsfødende;523.46;442;851;Rate;Antall;Fødsler;2015-2017
8;14;Epidural;Førde;3;Førstegangsfødende;572.09;183;323;Rate;Antall;Fødsler;2015-2017
9;14;Epidural;Bergen;3;Førstegangsfødende;625.8;1240;1983;Rate;Antall;Fødsler;2015-2017
10;14;Epidural;Fonna;3;Førstegangsfødende;522.41;331;642;Rate;Antall;Fødsler;2015-2017
11;14;Epidural;Stavanger;3;Førstegangsfødende;532.12;855;1611;Rate;Antall;Fødsler;2015-2017
12;14;Epidural;Østfold;3;Førstegangsfødende;412.7;384;939;Rate;Antall;Fødsler;2015-2017
13;14;Epidural;Akershus;3;Førstegangsfødende;574.9;1010;1753;Rate;Antall;Fødsler;2015-2017
14;14;Epidural;OUS;3;Førstegangsfødende;613.39;1012;1625;Rate;Antall;Fødsler;2015-2017
15;14;Epidural;Lovisenberg;3;Førstegangsfødende;598.89;797;1302;Rate;Antall;Fødsler;2015-2017
16;14;Epidural;Diakonhjemmet;3;Førstegangsfødende;636.61;491;752;Rate;Antall;Fødsler;2015-2017
17;14;Epidural;Innlandet;3;Førstegangsfødende;448.23;500;1125;Rate;Antall;Fødsler;2015-2017
18;14;Epidural;Vestre Viken;3;Førstegangsfødende;541.95;859;1579;Rate;Antall;Fødsler;2015-2017
19;14;Epidural;Vestfold;3;Førstegangsfødende;488.8;363;746;Rate;Antall;Fødsler;2015-2017
20;14;Epidural;Telemark;3;Førstegangsfødende;532.02;278;527;Rate;Antall;Fødsler;2015-2017
21;14;Epidural;Sørlandet;3;Førstegangsfødende;392.83;401;1029;Rate;Antall;Fødsler;2015-2017
8888;14;Epidural;Norge;3;Førstegangsfødende;530.62;10623;20020;Rate;Antall;Fødsler;2015-2017
1;15;Klipping;Finnmark;3;Førstegangsfødende;237.11;54;240;Rate;Antall;Fødsler;2015-2017
2;15;Klipping;UNN;3;Førstegangsfødende;288.2;182;652;Rate;Antall;Fødsler;2015-2017
3;15;Klipping;Nordland;3;Førstegangsfødende;322.4;138;448;Rate;Antall;Fødsler;2015-2017
4;15;Klipping;Helgeland;3;Førstegangsfødende;292.05;65;240;Rate;Antall;Fødsler;2015-2017
5;15;Klipping;Nord-Trøndelag;3;Førstegangsfødende;348.42;130;400;Rate;Antall;Fødsler;2015-2017
6;15;Klipping;St. Olavs;3;Førstegangsfødende;230.65;287;1255;Rate;Antall;Fødsler;2015-2017
7;15;Klipping;Møre og Romsdal;3;Førstegangsfødende;411.77;341;851;Rate;Antall;Fødsler;2015-2017
8;15;Klipping;Førde;3;Førstegangsfødende;224.5;71;323;Rate;Antall;Fødsler;2015-2017
9;15;Klipping;Bergen;3;Førstegangsfødende;428.89;850;1983;Rate;Antall;Fødsler;2015-2017
10;15;Klipping;Fonna;3;Førstegangsfødende;362.74;222;642;Rate;Antall;Fødsler;2015-2017
11;15;Klipping;Stavanger;3;Førstegangsfødende;407.27;651;1611;Rate;Antall;Fødsler;2015-2017
12;15;Klipping;Østfold;3;Førstegangsfødende;350.18;319;939;Rate;Antall;Fødsler;2015-2017
13;15;Klipping;Akershus;3;Førstegangsfødende;346.91;613;1753;Rate;Antall;Fødsler;2015-2017
14;15;Klipping;OUS;3;Førstegangsfødende;417.64;715;1625;Rate;Antall;Fødsler;2015-2017
15;15;Klipping;Lovisenberg;3;Førstegangsfødende;410.67;574;1302;Rate;Antall;Fødsler;2015-2017
16;15;Klipping;Diakonhjemmet;3;Førstegangsfødende;420.13;344;752;Rate;Antall;Fødsler;2015-2017
17;15;Klipping;Innlandet;3;Førstegangsfødende;380.38;415;1125;Rate;Antall;Fødsler;2015-2017
18;15;Klipping;Vestre Viken;3;Førstegangsfødende;383.49;616;1579;Rate;Antall;Fødsler;2015-2017
19;15;Klipping;Vestfold;3;Førstegangsfødende;260.76;192;746;Rate;Antall;Fødsler;2015-2017
20;15;Klipping;Telemark;3;Førstegangsfødende;431.56;221;527;Rate;Antall;Fødsler;2015-2017
21;15;Klipping;Sørlandet;3;Førstegangsfødende;319.31;318;1029;Rate;Antall;Fødsler;2015-2017
8888;15;Klipping;Norge;3;Førstegangsfødende;365.65;7320;20020;Rate;Antall;Fødsler;2015-2017
1;16;Instrumentell vaginal fødsel;Finnmark;3;Førstegangsfødende;139.83;31;240;Rate;Antall;Fødsler;2015-2017
2;16;Instrumentell vaginal fødsel;UNN;3;Førstegangsfødende;156.63;98;652;Rate;Antall;Fødsler;2015-2017
3;16;Instrumentell vaginal fødsel;Nordland;3;Førstegangsfødende;195.06;82;448;Rate;Antall;Fødsler;2015-2017
4;16;Instrumentell vaginal fødsel;Helgeland;3;Førstegangsfødende;203.79;44;240;Rate;Antall;Fødsler;2015-2017
5;16;Instrumentell vaginal fødsel;Nord-Trøndelag;3;Førstegangsfødende;200.11;72;400;Rate;Antall;Fødsler;2015-2017
6;16;Instrumentell vaginal fødsel;St. Olavs;3;Førstegangsfødende;211.29;262;1255;Rate;Antall;Fødsler;2015-2017
7;16;Instrumentell vaginal fødsel;Møre og Romsdal;3;Førstegangsfødende;222.48;182;851;Rate;Antall;Fødsler;2015-2017
8;16;Instrumentell vaginal fødsel;Førde;3;Førstegangsfødende;187.63;58;323;Rate;Antall;Fødsler;2015-2017
9;16;Instrumentell vaginal fødsel;Bergen;3;Førstegangsfødende;271.19;537;1983;Rate;Antall;Fødsler;2015-2017
10;16;Instrumentell vaginal fødsel;Fonna;3;Førstegangsfødende;249.95;150;642;Rate;Antall;Fødsler;2015-2017
11;16;Instrumentell vaginal fødsel;Stavanger;3;Førstegangsfødende;300.25;478;1611;Rate;Antall;Fødsler;2015-2017
12;16;Instrumentell vaginal fødsel;Østfold;3;Førstegangsfødende;199.57;179;939;Rate;Antall;Fødsler;2015-2017
13;16;Instrumentell vaginal fødsel;Akershus;3;Førstegangsfødende;222.56;394;1753;Rate;Antall;Fødsler;2015-2017
14;16;Instrumentell vaginal fødsel;OUS;3;Førstegangsfødende;227.08;399;1625;Rate;Antall;Fødsler;2015-2017
15;16;Instrumentell vaginal fødsel;Lovisenberg;3;Førstegangsfødende;227.86;330;1302;Rate;Antall;Fødsler;2015-2017
16;16;Instrumentell vaginal fødsel;Diakonhjemmet;3;Førstegangsfødende;231.25;197;752;Rate;Antall;Fødsler;2015-2017
17;16;Instrumentell vaginal fødsel;Innlandet;3;Førstegangsfødende;228.13;245;1125;Rate;Antall;Fødsler;2015-2017
18;16;Instrumentell vaginal fødsel;Vestre Viken;3;Førstegangsfødende;244.1;395;1579;Rate;Antall;Fødsler;2015-2017
19;16;Instrumentell vaginal fødsel;Vestfold;3;Førstegangsfødende;134.05;98;746;Rate;Antall;Fødsler;2015-2017
20;16;Instrumentell vaginal fødsel;Telemark;3;Førstegangsfødende;196.8;99;527;Rate;Antall;Fødsler;2015-2017
21;16;Instrumentell vaginal fødsel;Sørlandet;3;Førstegangsfødende;226.02;222;1029;Rate;Antall;Fødsler;2015-2017
8888;16;Instrumentell vaginal fødsel;Norge;3;Førstegangsfødende;227.41;4553;20020;Rate;Antall;Fødsler;2015-2017
1;17;Instrumentell vaginal fødsel, Robsongruppe 1;Finnmark;3;Førstegangsfødende;132.41;26;211;Rate;Antall;Fødsler;2015-2017
2;17;Instrumentell vaginal fødsel, Robsongruppe 1;UNN;3;Førstegangsfødende;125.94;68;560;Rate;Antall;Fødsler;2015-2017
3;17;Instrumentell vaginal fødsel, Robsongruppe 1;Nordland;3;Førstegangsfødende;169.44;61;383;Rate;Antall;Fødsler;2015-2017
4;17;Instrumentell vaginal fødsel, Robsongruppe 1;Helgeland;3;Førstegangsfødende;177.98;32;195;Rate;Antall;Fødsler;2015-2017
5;17;Instrumentell vaginal fødsel, Robsongruppe 1;Nord-Trøndelag;3;Førstegangsfødende;158.08;46;320;Rate;Antall;Fødsler;2015-2017
6;17;Instrumentell vaginal fødsel, Robsongruppe 1;St. Olavs;3;Førstegangsfødende;172.85;179;1039;Rate;Antall;Fødsler;2015-2017
7;17;Instrumentell vaginal fødsel, Robsongruppe 1;Møre og Romsdal;3;Førstegangsfødende;176.51;114;670;Rate;Antall;Fødsler;2015-2017
8;17;Instrumentell vaginal fødsel, Robsongruppe 1;Førde;3;Førstegangsfødende;150.24;39;265;Rate;Antall;Fødsler;2015-2017
9;17;Instrumentell vaginal fødsel, Robsongruppe 1;Bergen;3;Førstegangsfødende;230.09;361;1568;Rate;Antall;Fødsler;2015-2017
10;17;Instrumentell vaginal fødsel, Robsongruppe 1;Fonna;3;Førstegangsfødende;216.15;98;481;Rate;Antall;Fødsler;2015-2017
11;17;Instrumentell vaginal fødsel, Robsongruppe 1;Stavanger;3;Førstegangsfødende;253.39;299;1196;Rate;Antall;Fødsler;2015-2017
12;17;Instrumentell vaginal fødsel, Robsongruppe 1;Østfold;3;Førstegangsfødende;155.35;110;736;Rate;Antall;Fødsler;2015-2017
13;17;Instrumentell vaginal fødsel, Robsongruppe 1;Akershus;3;Førstegangsfødende;194.26;271;1383;Rate;Antall;Fødsler;2015-2017
14;17;Instrumentell vaginal fødsel, Robsongruppe 1;OUS;3;Førstegangsfødende;195.05;270;1290;Rate;Antall;Fødsler;2015-2017
15;17;Instrumentell vaginal fødsel, Robsongruppe 1;Lovisenberg;3;Førstegangsfødende;194.44;222;1039;Rate;Antall;Fødsler;2015-2017
16;17;Instrumentell vaginal fødsel, Robsongruppe 1;Diakonhjemmet;3;Førstegangsfødende;197.49;128;581;Rate;Antall;Fødsler;2015-2017
17;17;Instrumentell vaginal fødsel, Robsongruppe 1;Innlandet;3;Førstegangsfødende;186.79;163;910;Rate;Antall;Fødsler;2015-2017
18;17;Instrumentell vaginal fødsel, Robsongruppe 1;Vestre Viken;3;Førstegangsfødende;213.65;266;1215;Rate;Antall;Fødsler;2015-2017
19;17;Instrumentell vaginal fødsel, Robsongruppe 1;Vestfold;3;Førstegangsfødende;112.62;66;593;Rate;Antall;Fødsler;2015-2017
20;17;Instrumentell vaginal fødsel, Robsongruppe 1;Telemark;3;Førstegangsfødende;181.27;71;409;Rate;Antall;Fødsler;2015-2017
21;17;Instrumentell vaginal fødsel, Robsongruppe 1;Sørlandet;3;Førstegangsfødende;182.44;139;800;Rate;Antall;Fødsler;2015-2017
8888;17;Instrumentell vaginal fødsel, Robsongruppe 1;Norge;3;Førstegangsfødende;191.16;3029;15846;Rate;Antall;Fødsler;2015-2017
1;18;Keisersnitt akutt;Finnmark;3;Førstegangsfødende;178.97;51;305;Rate;Antall;Fødsler;2015-2017
2;18;Keisersnitt akutt;UNN;3;Førstegangsfødende;176.69;139;818;Rate;Antall;Fødsler;2015-2017
3;18;Keisersnitt akutt;Nordland;3;Førstegangsfødende;155.41;79;541;Rate;Antall;Fødsler;2015-2017
4;18;Keisersnitt akutt;Helgeland;3;Førstegangsfødende;155.65;41;290;Rate;Antall;Fødsler;2015-2017
5;18;Keisersnitt akutt;Nord-Trøndelag;3;Førstegangsfødende;201.69;94;512;Rate;Antall;Fødsler;2015-2017
6;18;Keisersnitt akutt;St. Olavs;3;Førstegangsfødende;162.18;250;1564;Rate;Antall;Fødsler;2015-2017
7;18;Keisersnitt akutt;Møre og Romsdal;3;Førstegangsfødende;167.64;169;1049;Rate;Antall;Fødsler;2015-2017
8;18;Keisersnitt akutt;Førde;3;Førstegangsfødende;142.53;53;389;Rate;Antall;Fødsler;2015-2017
9;18;Keisersnitt akutt;Bergen;3;Førstegangsfødende;115.35;263;2296;Rate;Antall;Fødsler;2015-2017
10;18;Keisersnitt akutt;Fonna;3;Førstegangsfødende;115.03;79;739;Rate;Antall;Fødsler;2015-2017
11;18;Keisersnitt akutt;Stavanger;3;Førstegangsfødende;135.18;255;1917;Rate;Antall;Fødsler;2015-2017
12;18;Keisersnitt akutt;Østfold;3;Førstegangsfødende;175.06;197;1176;Rate;Antall;Fødsler;2015-2017
13;18;Keisersnitt akutt;Akershus;3;Førstegangsfødende;156.72;345;2176;Rate;Antall;Fødsler;2015-2017
14;18;Keisersnitt akutt;OUS;3;Førstegangsfødende;138.11;300;2008;Rate;Antall;Fødsler;2015-2017
15;18;Keisersnitt akutt;Lovisenberg;3;Førstegangsfødende;128.03;228;1594;Rate;Antall;Fødsler;2015-2017
16;18;Keisersnitt akutt;Diakonhjemmet;3;Førstegangsfødende;106.19;109;905;Rate;Antall;Fødsler;2015-2017
17;18;Keisersnitt akutt;Innlandet;3;Førstegangsfødende;176.16;242;1435;Rate;Antall;Fødsler;2015-2017
18;18;Keisersnitt akutt;Vestre Viken;3;Førstegangsfødende;147.64;296;1958;Rate;Antall;Fødsler;2015-2017
19;18;Keisersnitt akutt;Vestfold;3;Førstegangsfødende;130.98;115;889;Rate;Antall;Fødsler;2015-2017
20;18;Keisersnitt akutt;Telemark;3;Førstegangsfødende;149.21;91;643;Rate;Antall;Fødsler;2015-2017
21;18;Keisersnitt akutt;Sørlandet;3;Førstegangsfødende;141.91;168;1246;Rate;Antall;Fødsler;2015-2017
8888;18;Keisersnitt akutt;Norge;3;Førstegangsfødende;145.81;3565;24452;Rate;Antall;Fødsler;2015-2017
1;19;Keisersnitt akutt, Robsongruppe 1;Finnmark;3;Førstegangsfødende;106.87;21;211;Rate;Antall;Fødsler;2015-2017
2;19;Keisersnitt akutt, Robsongruppe 1;UNN;3;Førstegangsfødende;123.42;66;560;Rate;Antall;Fødsler;2015-2017
3;19;Keisersnitt akutt, Robsongruppe 1;Nordland;3;Førstegangsfødende;78.94;28;383;Rate;Antall;Fødsler;2015-2017
4;19;Keisersnitt akutt, Robsongruppe 1;Helgeland;3;Førstegangsfødende;83.87;15;195;Rate;Antall;Fødsler;2015-2017
5;19;Keisersnitt akutt, Robsongruppe 1;Nord-Trøndelag;3;Førstegangsfødende;119.58;34;320;Rate;Antall;Fødsler;2015-2017
6;19;Keisersnitt akutt, Robsongruppe 1;St. Olavs;3;Førstegangsfødende;104.36;107;1039;Rate;Antall;Fødsler;2015-2017
7;19;Keisersnitt akutt, Robsongruppe 1;Møre og Romsdal;3;Førstegangsfødende;100.59;64;670;Rate;Antall;Fødsler;2015-2017
8;19;Keisersnitt akutt, Robsongruppe 1;Førde;3;Førstegangsfødende;100.42;26;265;Rate;Antall;Fødsler;2015-2017
9;19;Keisersnitt akutt, Robsongruppe 1;Bergen;3;Førstegangsfødende;63.46;99;1568;Rate;Antall;Fødsler;2015-2017
10;19;Keisersnitt akutt, Robsongruppe 1;Fonna;3;Førstegangsfødende;64.84;29;481;Rate;Antall;Fødsler;2015-2017
11;19;Keisersnitt akutt, Robsongruppe 1;Stavanger;3;Førstegangsfødende;76.62;90;1196;Rate;Antall;Fødsler;2015-2017
12;19;Keisersnitt akutt, Robsongruppe 1;Østfold;3;Førstegangsfødende;93.96;66;736;Rate;Antall;Fødsler;2015-2017
13;19;Keisersnitt akutt, Robsongruppe 1;Akershus;3;Førstegangsfødende;91.76;128;1383;Rate;Antall;Fødsler;2015-2017
14;19;Keisersnitt akutt, Robsongruppe 1;OUS;3;Førstegangsfødende;74.87;105;1290;Rate;Antall;Fødsler;2015-2017
15;19;Keisersnitt akutt, Robsongruppe 1;Lovisenberg;3;Førstegangsfødende;73.79;86;1039;Rate;Antall;Fødsler;2015-2017
16;19;Keisersnitt akutt, Robsongruppe 1;Diakonhjemmet;3;Førstegangsfødende;58.85;39;581;Rate;Antall;Fødsler;2015-2017
17;19;Keisersnitt akutt, Robsongruppe 1;Innlandet;3;Førstegangsfødende;102.84;89;910;Rate;Antall;Fødsler;2015-2017
18;19;Keisersnitt akutt, Robsongruppe 1;Vestre Viken;3;Førstegangsfødende;83.29;104;1215;Rate;Antall;Fødsler;2015-2017
19;19;Keisersnitt akutt, Robsongruppe 1;Vestfold;3;Førstegangsfødende;69.59;41;593;Rate;Antall;Fødsler;2015-2017
20;19;Keisersnitt akutt, Robsongruppe 1;Telemark;3;Førstegangsfødende;80.2;31;409;Rate;Antall;Fødsler;2015-2017
21;19;Keisersnitt akutt, Robsongruppe 1;Sørlandet;3;Førstegangsfødende;76.75;58;800;Rate;Antall;Fødsler;2015-2017
8888;19;Keisersnitt akutt, Robsongruppe 1;Norge;3;Førstegangsfødende;83.79;1328;15846;Rate;Antall;Fødsler;2015-2017
1;20;Keisersnitt planlagt;Finnmark;3;Førstegangsfødende;51;14;305;Rate;Antall;Fødsler;2015-2017
2;20;Keisersnitt planlagt;UNN;3;Førstegangsfødende;36.16;28;818;Rate;Antall;Fødsler;2015-2017
3;20;Keisersnitt planlagt;Nordland;3;Førstegangsfødende;27.9;14;541;Rate;Antall;Fødsler;2015-2017
4;20;Keisersnitt planlagt;Helgeland;3;Førstegangsfødende;38.07;9;290;Rate;Antall;Fødsler;2015-2017
5;20;Keisersnitt planlagt;Nord-Trøndelag;3;Førstegangsfødende;42.36;18;512;Rate;Antall;Fødsler;2015-2017
6;20;Keisersnitt planlagt;St. Olavs;3;Førstegangsfødende;37.24;57;1564;Rate;Antall;Fødsler;2015-2017
7;20;Keisersnitt planlagt;Møre og Romsdal;3;Førstegangsfødende;28.98;28;1049;Rate;Antall;Fødsler;2015-2017
8;20;Keisersnitt planlagt;Førde;3;Førstegangsfødende;36.62;13;389;Rate;Antall;Fødsler;2015-2017
9;20;Keisersnitt planlagt;Bergen;3;Førstegangsfødende;21.83;50;2296;Rate;Antall;Fødsler;2015-2017
10;20;Keisersnitt planlagt;Fonna;3;Førstegangsfødende;28.65;19;739;Rate;Antall;Fødsler;2015-2017
11;20;Keisersnitt planlagt;Stavanger;3;Førstegangsfødende;27.44;51;1917;Rate;Antall;Fødsler;2015-2017
12;20;Keisersnitt planlagt;Østfold;3;Førstegangsfødende;36.33;40;1176;Rate;Antall;Fødsler;2015-2017
13;20;Keisersnitt planlagt;Akershus;3;Førstegangsfødende;34.85;77;2176;Rate;Antall;Fødsler;2015-2017
14;20;Keisersnitt planlagt;OUS;3;Førstegangsfødende;35.88;82;2008;Rate;Antall;Fødsler;2015-2017
15;20;Keisersnitt planlagt;Lovisenberg;3;Førstegangsfødende;34.04;65;1594;Rate;Antall;Fødsler;2015-2017
16;20;Keisersnitt planlagt;Diakonhjemmet;3;Førstegangsfødende;39.58;44;905;Rate;Antall;Fødsler;2015-2017
17;20;Keisersnitt planlagt;Innlandet;3;Førstegangsfødende;50.88;68;1435;Rate;Antall;Fødsler;2015-2017
18;20;Keisersnitt planlagt;Vestre Viken;3;Førstegangsfødende;40.92;83;1958;Rate;Antall;Fødsler;2015-2017
19;20;Keisersnitt planlagt;Vestfold;3;Førstegangsfødende;33.09;29;889;Rate;Antall;Fødsler;2015-2017
20;20;Keisersnitt planlagt;Telemark;3;Førstegangsfødende;41.92;25;643;Rate;Antall;Fødsler;2015-2017
21;20;Keisersnitt planlagt;Sørlandet;3;Førstegangsfødende;42.46;49;1246;Rate;Antall;Fødsler;2015-2017
8888;20;Keisersnitt planlagt;Norge;3;Førstegangsfødende;35.25;862;24452;Rate;Antall;Fødsler;2015-2017
1;21;Ukompliserte fødsler;Finnmark;3;Flergangsfødende;761.6;340;444;Rate;Antall;Fødsler;2015-2017
2;21;Ukompliserte fødsler;UNN;3;Flergangsfødende;768.4;875;1135;Rate;Antall;Fødsler;2015-2017
3;21;Ukompliserte fødsler;Nordland;3;Flergangsfødende;793.04;665;832;Rate;Antall;Fødsler;2015-2017
4;21;Ukompliserte fødsler;Helgeland;3;Flergangsfødende;789.29;355;442;Rate;Antall;Fødsler;2015-2017
5;21;Ukompliserte fødsler;Nord-Trøndelag;3;Flergangsfødende;718.83;627;861;Rate;Antall;Fødsler;2015-2017
6;21;Ukompliserte fødsler;St. Olavs;3;Flergangsfødende;781.14;1593;2033;Rate;Antall;Fødsler;2015-2017
7;21;Ukompliserte fødsler;Møre og Romsdal;3;Flergangsfødende;778.87;1302;1662;Rate;Antall;Fødsler;2015-2017
8;21;Ukompliserte fødsler;Førde;3;Flergangsfødende;808.69;566;698;Rate;Antall;Fødsler;2015-2017
9;21;Ukompliserte fødsler;Bergen;3;Flergangsfødende;825.47;2598;3146;Rate;Antall;Fødsler;2015-2017
10;21;Ukompliserte fødsler;Fonna;3;Flergangsfødende;812.15;1017;1237;Rate;Antall;Fødsler;2015-2017
11;21;Ukompliserte fødsler;Stavanger;3;Flergangsfødende;795.12;2286;2864;Rate;Antall;Fødsler;2015-2017
12;21;Ukompliserte fødsler;Østfold;3;Flergangsfødende;744.32;1238;1656;Rate;Antall;Fødsler;2015-2017
13;21;Ukompliserte fødsler;Akershus;3;Flergangsfødende;785.82;2503;3205;Rate;Antall;Fødsler;2015-2017
14;21;Ukompliserte fødsler;OUS;3;Flergangsfødende;791.77;1581;2033;Rate;Antall;Fødsler;2015-2017
15;21;Ukompliserte fødsler;Lovisenberg;3;Flergangsfødende;805.88;819;1035;Rate;Antall;Fødsler;2015-2017
16;21;Ukompliserte fødsler;Diakonhjemmet;3;Flergangsfødende;794.17;625;810;Rate;Antall;Fødsler;2015-2017
17;21;Ukompliserte fødsler;Innlandet;3;Flergangsfødende;751.89;1545;2043;Rate;Antall;Fødsler;2015-2017
18;21;Ukompliserte fødsler;Vestre Viken;3;Flergangsfødende;781.31;2202;2845;Rate;Antall;Fødsler;2015-2017
19;21;Ukompliserte fødsler;Vestfold;3;Flergangsfødende;803.49;1040;1289;Rate;Antall;Fødsler;2015-2017
20;21;Ukompliserte fødsler;Telemark;3;Flergangsfødende;775.56;713;910;Rate;Antall;Fødsler;2015-2017
21;21;Ukompliserte fødsler;Sørlandet;3;Flergangsfødende;789.26;1542;1942;Rate;Antall;Fødsler;2015-2017
8888;21;Ukompliserte fødsler;Norge;3;Flergangsfødende;785.98;26032;33120;Rate;Antall;Fødsler;2015-2017
1;22;Igangsetting;Finnmark;3;Flergangsfødende;191.18;84;444;Rate;Antall;Fødsler;2015-2017
2;22;Igangsetting;UNN;3;Flergangsfødende;174.93;198;1135;Rate;Antall;Fødsler;2015-2017
3;22;Igangsetting;Nordland;3;Flergangsfødende;184.45;152;832;Rate;Antall;Fødsler;2015-2017
4;22;Igangsetting;Helgeland;3;Flergangsfødende;175.08;75;442;Rate;Antall;Fødsler;2015-2017
5;22;Igangsetting;Nord-Trøndelag;3;Flergangsfødende;211.47;178;861;Rate;Antall;Fødsler;2015-2017
6;22;Igangsetting;St. Olavs;3;Flergangsfødende;187.54;379;2033;Rate;Antall;Fødsler;2015-2017
7;22;Igangsetting;Møre og Romsdal;3;Flergangsfødende;211.97;349;1662;Rate;Antall;Fødsler;2015-2017
8;22;Igangsetting;Førde;3;Flergangsfødende;228.36;158;698;Rate;Antall;Fødsler;2015-2017
9;22;Igangsetting;Bergen;3;Flergangsfødende;191.66;603;3146;Rate;Antall;Fødsler;2015-2017
10;22;Igangsetting;Fonna;3;Flergangsfødende;239.13;290;1237;Rate;Antall;Fødsler;2015-2017
11;22;Igangsetting;Stavanger;3;Flergangsfødende;226.47;644;2864;Rate;Antall;Fødsler;2015-2017
12;22;Igangsetting;Østfold;3;Flergangsfødende;209.88;345;1656;Rate;Antall;Fødsler;2015-2017
13;22;Igangsetting;Akershus;3;Flergangsfødende;193.62;627;3205;Rate;Antall;Fødsler;2015-2017
14;22;Igangsetting;OUS;3;Flergangsfødende;187.18;392;2033;Rate;Antall;Fødsler;2015-2017
15;22;Igangsetting;Lovisenberg;3;Flergangsfødende;174.69;186;1035;Rate;Antall;Fødsler;2015-2017
16;22;Igangsetting;Diakonhjemmet;3;Flergangsfødende;176.71;150;810;Rate;Antall;Fødsler;2015-2017
17;22;Igangsetting;Innlandet;3;Flergangsfødende;197.12;399;2043;Rate;Antall;Fødsler;2015-2017
18;22;Igangsetting;Vestre Viken;3;Flergangsfødende;200.29;578;2845;Rate;Antall;Fødsler;2015-2017
19;22;Igangsetting;Vestfold;3;Flergangsfødende;180.86;232;1289;Rate;Antall;Fødsler;2015-2017
20;22;Igangsetting;Telemark;3;Flergangsfødende;211.69;190;910;Rate;Antall;Fødsler;2015-2017
21;22;Igangsetting;Sørlandet;3;Flergangsfødende;197.64;380;1942;Rate;Antall;Fødsler;2015-2017
8888;22;Igangsetting;Norge;3;Flergangsfødende;198.88;6587;33120;Rate;Antall;Fødsler;2015-2017
1;23;Epidural;Finnmark;3;Flergangsfødende;162.79;60;371;Rate;Antall;Fødsler;2015-2017
2;23;Epidural;UNN;3;Flergangsfødende;129.72;122;941;Rate;Antall;Fødsler;2015-2017
3;23;Epidural;Nordland;3;Flergangsfødende;256.17;185;723;Rate;Antall;Fødsler;2015-2017
4;23;Epidural;Helgeland;3;Flergangsfødende;187;71;381;Rate;Antall;Fødsler;2015-2017
5;23;Epidural;Nord-Trøndelag;3;Flergangsfødende;254.74;172;678;Rate;Antall;Fødsler;2015-2017
6;23;Epidural;St. Olavs;3;Flergangsfødende;252.78;434;1719;Rate;Antall;Fødsler;2015-2017
7;23;Epidural;Møre og Romsdal;3;Flergangsfødende;232.49;327;1411;Rate;Antall;Fødsler;2015-2017
8;23;Epidural;Førde;3;Flergangsfødende;313.27;189;605;Rate;Antall;Fødsler;2015-2017
9;23;Epidural;Bergen;3;Flergangsfødende;341.06;964;2826;Rate;Antall;Fødsler;2015-2017
10;23;Epidural;Fonna;3;Flergangsfødende;279.7;307;1101;Rate;Antall;Fødsler;2015-2017
11;23;Epidural;Stavanger;3;Flergangsfødende;304.7;770;2532;Rate;Antall;Fødsler;2015-2017
12;23;Epidural;Østfold;3;Flergangsfødende;176.92;240;1358;Rate;Antall;Fødsler;2015-2017
13;23;Epidural;Akershus;3;Flergangsfødende;266.05;729;2734;Rate;Antall;Fødsler;2015-2017
14;23;Epidural;OUS;3;Flergangsfødende;300.37;524;1733;Rate;Antall;Fødsler;2015-2017
15;23;Epidural;Lovisenberg;3;Flergangsfødende;275.15;247;892;Rate;Antall;Fødsler;2015-2017
16;23;Epidural;Diakonhjemmet;3;Flergangsfødende;368.13;255;685;Rate;Antall;Fødsler;2015-2017
17;23;Epidural;Innlandet;3;Flergangsfødende;193.49;325;1683;Rate;Antall;Fødsler;2015-2017
18;23;Epidural;Vestre Viken;3;Flergangsfødende;254.57;614;2407;Rate;Antall;Fødsler;2015-2017
19;23;Epidural;Vestfold;3;Flergangsfødende;242.3;268;1106;Rate;Antall;Fødsler;2015-2017
20;23;Epidural;Telemark;3;Flergangsfødende;224.45;172;769;Rate;Antall;Fødsler;2015-2017
21;23;Epidural;Sørlandet;3;Flergangsfødende;159.75;265;1660;Rate;Antall;Fødsler;2015-2017
8888;23;Epidural;Norge;3;Flergangsfødende;255.66;7239;28315;Rate;Antall;Fødsler;2015-2017
1;24;Klipping;Finnmark;3;Flergangsfødende;51.32;19;371;Rate;Antall;Fødsler;2015-2017
2;24;Klipping;UNN;3;Flergangsfødende;58.61;55;941;Rate;Antall;Fødsler;2015-2017
3;24;Klipping;Nordland;3;Flergangsfødende;72.87;52;723;Rate;Antall;Fødsler;2015-2017
4;24;Klipping;Helgeland;3;Flergangsfødende;62.87;23;381;Rate;Antall;Fødsler;2015-2017
5;24;Klipping;Nord-Trøndelag;3;Flergangsfødende;85.57;56;678;Rate;Antall;Fødsler;2015-2017
6;24;Klipping;St. Olavs;3;Flergangsfødende;46.29;79;1719;Rate;Antall;Fødsler;2015-2017
7;24;Klipping;Møre og Romsdal;3;Flergangsfødende;122.58;171;1411;Rate;Antall;Fødsler;2015-2017
8;24;Klipping;Førde;3;Flergangsfødende;55.92;34;605;Rate;Antall;Fødsler;2015-2017
9;24;Klipping;Bergen;3;Flergangsfødende;95.18;269;2826;Rate;Antall;Fødsler;2015-2017
10;24;Klipping;Fonna;3;Flergangsfødende;74.84;80;1101;Rate;Antall;Fødsler;2015-2017
11;24;Klipping;Stavanger;3;Flergangsfødende;88.52;223;2532;Rate;Antall;Fødsler;2015-2017
12;24;Klipping;Østfold;3;Flergangsfødende;78.44;105;1358;Rate;Antall;Fødsler;2015-2017
13;24;Klipping;Akershus;3;Flergangsfødende;75.85;210;2734;Rate;Antall;Fødsler;2015-2017
14;24;Klipping;OUS;3;Flergangsfødende;103.67;186;1733;Rate;Antall;Fødsler;2015-2017
15;24;Klipping;Lovisenberg;3;Flergangsfødende;113.74;105;892;Rate;Antall;Fødsler;2015-2017
16;24;Klipping;Diakonhjemmet;3;Flergangsfødende;113.73;83;685;Rate;Antall;Fødsler;2015-2017
17;24;Klipping;Innlandet;3;Flergangsfødende;96.39;160;1683;Rate;Antall;Fødsler;2015-2017
18;24;Klipping;Vestre Viken;3;Flergangsfødende;82.55;203;2407;Rate;Antall;Fødsler;2015-2017
19;24;Klipping;Vestfold;3;Flergangsfødende;59.05;65;1106;Rate;Antall;Fødsler;2015-2017
20;24;Klipping;Telemark;3;Flergangsfødende;99.96;75;769;Rate;Antall;Fødsler;2015-2017
21;24;Klipping;Sørlandet;3;Flergangsfødende;65.33;107;1660;Rate;Antall;Fødsler;2015-2017
8888;24;Klipping;Norge;3;Flergangsfødende;83.34;2360;28315;Rate;Antall;Fødsler;2015-2017
1;25;Instrumentell vaginal fødsel;Finnmark;3;Flergangsfødende;37.19;13;371;Rate;Antall;Fødsler;2015-2017
2;25;Instrumentell vaginal fødsel;UNN;3;Flergangsfødende;37.03;34;941;Rate;Antall;Fødsler;2015-2017
3;25;Instrumentell vaginal fødsel;Nordland;3;Flergangsfødende;41.5;29;723;Rate;Antall;Fødsler;2015-2017
4;25;Instrumentell vaginal fødsel;Helgeland;3;Flergangsfødende;32.98;12;381;Rate;Antall;Fødsler;2015-2017
5;25;Instrumentell vaginal fødsel;Nord-Trøndelag;3;Flergangsfødende;44.62;28;678;Rate;Antall;Fødsler;2015-2017
6;25;Instrumentell vaginal fødsel;St. Olavs;3;Flergangsfødende;47.36;80;1719;Rate;Antall;Fødsler;2015-2017
7;25;Instrumentell vaginal fødsel;Møre og Romsdal;3;Flergangsfødende;47.8;66;1411;Rate;Antall;Fødsler;2015-2017
8;25;Instrumentell vaginal fødsel;Førde;3;Flergangsfødende;41.76;25;605;Rate;Antall;Fødsler;2015-2017
9;25;Instrumentell vaginal fødsel;Bergen;3;Flergangsfødende;51.08;145;2826;Rate;Antall;Fødsler;2015-2017
10;25;Instrumentell vaginal fødsel;Fonna;3;Flergangsfødende;52.75;55;1101;Rate;Antall;Fødsler;2015-2017
11;25;Instrumentell vaginal fødsel;Stavanger;3;Flergangsfødende;68.03;170;2532;Rate;Antall;Fødsler;2015-2017
12;25;Instrumentell vaginal fødsel;Østfold;3;Flergangsfødende;48.32;64;1358;Rate;Antall;Fødsler;2015-2017
13;25;Instrumentell vaginal fødsel;Akershus;3;Flergangsfødende;51.37;144;2734;Rate;Antall;Fødsler;2015-2017
14;25;Instrumentell vaginal fødsel;OUS;3;Flergangsfødende;51.83;96;1733;Rate;Antall;Fødsler;2015-2017
15;25;Instrumentell vaginal fødsel;Lovisenberg;3;Flergangsfødende;46.06;44;892;Rate;Antall;Fødsler;2015-2017
16;25;Instrumentell vaginal fødsel;Diakonhjemmet;3;Flergangsfødende;58.63;45;685;Rate;Antall;Fødsler;2015-2017
17;25;Instrumentell vaginal fødsel;Innlandet;3;Flergangsfødende;51.19;84;1683;Rate;Antall;Fødsler;2015-2017
18;25;Instrumentell vaginal fødsel;Vestre Viken;3;Flergangsfødende;52.36;131;2407;Rate;Antall;Fødsler;2015-2017
19;25;Instrumentell vaginal fødsel;Vestfold;3;Flergangsfødende;30.4;33;1106;Rate;Antall;Fødsler;2015-2017
20;25;Instrumentell vaginal fødsel;Telemark;3;Flergangsfødende;36.44;27;769;Rate;Antall;Fødsler;2015-2017
21;25;Instrumentell vaginal fødsel;Sørlandet;3;Flergangsfødende;46.73;76;1660;Rate;Antall;Fødsler;2015-2017
8888;25;Instrumentell vaginal fødsel;Norge;3;Flergangsfødende;49.49;1401;28315;Rate;Antall;Fødsler;2015-2017
1;26;Keisersnitt akutt;Finnmark;3;Flergangsfødende;81.32;35;444;Rate;Antall;Fødsler;2015-2017
2;26;Keisersnitt akutt;UNN;3;Flergangsfødende;98.72;111;1135;Rate;Antall;Fødsler;2015-2017
3;26;Keisersnitt akutt;Nordland;3;Flergangsfødende;77.75;63;832;Rate;Antall;Fødsler;2015-2017
4;26;Keisersnitt akutt;Helgeland;3;Flergangsfødende;73.24;31;442;Rate;Antall;Fødsler;2015-2017
5;26;Keisersnitt akutt;Nord-Trøndelag;3;Flergangsfødende;116.92;96;861;Rate;Antall;Fødsler;2015-2017
6;26;Keisersnitt akutt;St. Olavs;3;Flergangsfødende;83.7;168;2033;Rate;Antall;Fødsler;2015-2017
7;26;Keisersnitt akutt;Møre og Romsdal;3;Flergangsfødende;85.22;139;1662;Rate;Antall;Fødsler;2015-2017
8;26;Keisersnitt akutt;Førde;3;Flergangsfødende;69.54;48;698;Rate;Antall;Fødsler;2015-2017
9;26;Keisersnitt akutt;Bergen;3;Flergangsfødende;52.91;166;3146;Rate;Antall;Fødsler;2015-2017
10;26;Keisersnitt akutt;Fonna;3;Flergangsfødende;59.86;71;1237;Rate;Antall;Fødsler;2015-2017
11;26;Keisersnitt akutt;Stavanger;3;Flergangsfødende;65.09;184;2864;Rate;Antall;Fødsler;2015-2017
12;26;Keisersnitt akutt;Østfold;3;Flergangsfødende;93.51;153;1656;Rate;Antall;Fødsler;2015-2017
13;26;Keisersnitt akutt;Akershus;3;Flergangsfødende;70.65;231;3205;Rate;Antall;Fødsler;2015-2017
14;26;Keisersnitt akutt;OUS;3;Flergangsfødende;71.21;153;2033;Rate;Antall;Fødsler;2015-2017
15;26;Keisersnitt akutt;Lovisenberg;3;Flergangsfødende;70.39;77;1035;Rate;Antall;Fødsler;2015-2017
16;26;Keisersnitt akutt;Diakonhjemmet;3;Flergangsfødende;51.76;46;810;Rate;Antall;Fødsler;2015-2017
17;26;Keisersnitt akutt;Innlandet;3;Flergangsfødende;93.32;187;2043;Rate;Antall;Fødsler;2015-2017
18;26;Keisersnitt akutt;Vestre Viken;3;Flergangsfødende;68.2;200;2845;Rate;Antall;Fødsler;2015-2017
19;26;Keisersnitt akutt;Vestfold;3;Flergangsfødende;72.76;93;1289;Rate;Antall;Fødsler;2015-2017
20;26;Keisersnitt akutt;Telemark;3;Flergangsfødende;76.97;68;910;Rate;Antall;Fødsler;2015-2017
21;26;Keisersnitt akutt;Sørlandet;3;Flergangsfødende;65.87;125;1942;Rate;Antall;Fødsler;2015-2017
8888;26;Keisersnitt akutt;Norge;3;Flergangsfødende;73.82;2445;33120;Rate;Antall;Fødsler;2015-2017
1;27;Keisersnitt planlagt;Finnmark;3;Flergangsfødende;87.84;37;444;Rate;Antall;Fødsler;2015-2017
2;27;Keisersnitt planlagt;UNN;3;Flergangsfødende;74.54;83;1135;Rate;Antall;Fødsler;2015-2017
3;27;Keisersnitt planlagt;Nordland;3;Flergangsfødende;57.78;46;832;Rate;Antall;Fødsler;2015-2017
4;27;Keisersnitt planlagt;Helgeland;3;Flergangsfødende;75.57;30;442;Rate;Antall;Fødsler;2015-2017
5;27;Keisersnitt planlagt;Nord-Trøndelag;3;Flergangsfødende;108.73;86;861;Rate;Antall;Fødsler;2015-2017
6;27;Keisersnitt planlagt;St. Olavs;3;Flergangsfødende;72.88;145;2033;Rate;Antall;Fødsler;2015-2017
7;27;Keisersnitt planlagt;Møre og Romsdal;3;Flergangsfødende;69.51;112;1662;Rate;Antall;Fødsler;2015-2017
8;27;Keisersnitt planlagt;Førde;3;Flergangsfødende;64.73;44;698;Rate;Antall;Fødsler;2015-2017
9;27;Keisersnitt planlagt;Bergen;3;Flergangsfødende;49.1;154;3146;Rate;Antall;Fødsler;2015-2017
10;27;Keisersnitt planlagt;Fonna;3;Flergangsfødende;56.05;65;1237;Rate;Antall;Fødsler;2015-2017
11;27;Keisersnitt planlagt;Stavanger;3;Flergangsfødende;52.84;148;2864;Rate;Antall;Fødsler;2015-2017
12;27;Keisersnitt planlagt;Østfold;3;Flergangsfødende;89.97;145;1656;Rate;Antall;Fødsler;2015-2017
13;27;Keisersnitt planlagt;Akershus;3;Flergangsfødende;72.15;239;3205;Rate;Antall;Fødsler;2015-2017
14;27;Keisersnitt planlagt;OUS;3;Flergangsfødende;65.41;146;2033;Rate;Antall;Fødsler;2015-2017
15;27;Keisersnitt planlagt;Lovisenberg;3;Flergangsfødende;57.44;66;1035;Rate;Antall;Fødsler;2015-2017
16;27;Keisersnitt planlagt;Diakonhjemmet;3;Flergangsfødende;84.15;79;810;Rate;Antall;Fødsler;2015-2017
17;27;Keisersnitt planlagt;Innlandet;3;Flergangsfødende;87.66;173;2043;Rate;Antall;Fødsler;2015-2017
18;27;Keisersnitt planlagt;Vestre Viken;3;Flergangsfødende;79.51;239;2845;Rate;Antall;Fødsler;2015-2017
19;27;Keisersnitt planlagt;Vestfold;3;Flergangsfødende;71.67;90;1289;Rate;Antall;Fødsler;2015-2017
20;27;Keisersnitt planlagt;Telemark;3;Flergangsfødende;85.57;74;910;Rate;Antall;Fødsler;2015-2017
21;27;Keisersnitt planlagt;Sørlandet;3;Flergangsfødende;83.62;156;1942;Rate;Antall;Fødsler;2015-2017
8888;27;Keisersnitt planlagt;Norge;3;Flergangsfødende;71.2;2358;33120;Rate;Antall;Fødsler;2015-2017
1;28;Liggetid, førstegangsfødende (vaginal);Finnmark;3;Barseltiden;3.16;749;239;Rate;Totalt antall liggedøgn;Fødsler;2015-2017
2;28;Liggetid, førstegangsfødende (vaginal);UNN;3;Barseltiden;2.92;1887;650;Rate;Totalt antall liggedøgn;Fødsler;2015-2017
3;28;Liggetid, førstegangsfødende (vaginal);Nordland;3;Barseltiden;3.06;1352;446;Rate;Totalt antall liggedøgn;Fødsler;2015-2017
4;28;Liggetid, førstegangsfødende (vaginal);Helgeland;3;Barseltiden;2.99;706;239;Rate;Totalt antall liggedøgn;Fødsler;2015-2017
5;28;Liggetid, førstegangsfødende (vaginal);Nord-Trøndelag;3;Barseltiden;3.49;1371;399;Rate;Totalt antall liggedøgn;Fødsler;2015-2017
6;28;Liggetid, førstegangsfødende (vaginal);St. Olavs;3;Barseltiden;3.18;3972;1254;Rate;Totalt antall liggedøgn;Fødsler;2015-2017
7;28;Liggetid, førstegangsfødende (vaginal);Møre og Romsdal;3;Barseltiden;3.03;2558;849;Rate;Totalt antall liggedøgn;Fødsler;2015-2017
8;28;Liggetid, førstegangsfødende (vaginal);Førde;3;Barseltiden;3.35;1074;322;Rate;Totalt antall liggedøgn;Fødsler;2015-2017
9;28;Liggetid, førstegangsfødende (vaginal);Bergen;3;Barseltiden;2.44;4836;1982;Rate;Totalt antall liggedøgn;Fødsler;2015-2017
10;28;Liggetid, førstegangsfødende (vaginal);Fonna;3;Barseltiden;2.93;1860;641;Rate;Totalt antall liggedøgn;Fødsler;2015-2017
11;28;Liggetid, førstegangsfødende (vaginal);Stavanger;3;Barseltiden;3.25;5223;1610;Rate;Totalt antall liggedøgn;Fødsler;2015-2017
12;28;Liggetid, førstegangsfødende (vaginal);Østfold;3;Barseltiden;2.61;2426;937;Rate;Totalt antall liggedøgn;Fødsler;2015-2017
13;28;Liggetid, førstegangsfødende (vaginal);Akershus;3;Barseltiden;2.73;4794;1751;Rate;Totalt antall liggedøgn;Fødsler;2015-2017
14;28;Liggetid, førstegangsfødende (vaginal);OUS;3;Barseltiden;3.05;5017;1624;Rate;Totalt antall liggedøgn;Fødsler;2015-2017
15;28;Liggetid, førstegangsfødende (vaginal);Lovisenberg;3;Barseltiden;3.03;4010;1301;Rate;Totalt antall liggedøgn;Fødsler;2015-2017
16;28;Liggetid, førstegangsfødende (vaginal);Diakonhjemmet;3;Barseltiden;3.04;2330;751;Rate;Totalt antall liggedøgn;Fødsler;2015-2017
17;28;Liggetid, førstegangsfødende (vaginal);Innlandet;3;Barseltiden;3.37;3755;1124;Rate;Totalt antall liggedøgn;Fødsler;2015-2017
18;28;Liggetid, førstegangsfødende (vaginal);Vestre Viken;3;Barseltiden;3.2;5060;1576;Rate;Totalt antall liggedøgn;Fødsler;2015-2017
19;28;Liggetid, førstegangsfødende (vaginal);Vestfold;3;Barseltiden;3.01;2235;745;Rate;Totalt antall liggedøgn;Fødsler;2015-2017
20;28;Liggetid, førstegangsfødende (vaginal);Telemark;3;Barseltiden;3.57;1860;525;Rate;Totalt antall liggedøgn;Fødsler;2015-2017
21;28;Liggetid, førstegangsfødende (vaginal);Sørlandet;3;Barseltiden;3.18;3249;1029;Rate;Totalt antall liggedøgn;Fødsler;2015-2017
8888;28;Liggetid, førstegangsfødende (vaginal);Norge;3;Barseltiden;3.02;60323;19993;Rate;Totalt antall liggedøgn;Fødsler;2015-2017
1;29;Liggetid, flergangsfødende (vaginal);Finnmark;3;Barseltiden;2.34;863;369;Rate;Totalt antall liggedøgn;Fødsler;2015-2017
2;29;Liggetid, flergangsfødende (vaginal);UNN;3;Barseltiden;2.14;1987;930;Rate;Totalt antall liggedøgn;Fødsler;2015-2017
3;29;Liggetid, flergangsfødende (vaginal);Nordland;3;Barseltiden;2.19;1560;715;Rate;Totalt antall liggedøgn;Fødsler;2015-2017
4;29;Liggetid, flergangsfødende (vaginal);Helgeland;3;Barseltiden;2.35;889;381;Rate;Totalt antall liggedøgn;Fødsler;2015-2017
5;29;Liggetid, flergangsfødende (vaginal);Nord-Trøndelag;3;Barseltiden;2.79;1874;676;Rate;Totalt antall liggedøgn;Fødsler;2015-2017
6;29;Liggetid, flergangsfødende (vaginal);St. Olavs;3;Barseltiden;2.31;3960;1715;Rate;Totalt antall liggedøgn;Fødsler;2015-2017
7;29;Liggetid, flergangsfødende (vaginal);Møre og Romsdal;3;Barseltiden;2.17;3041;1405;Rate;Totalt antall liggedøgn;Fødsler;2015-2017
8;29;Liggetid, flergangsfødende (vaginal);Førde;3;Barseltiden;2.44;1472;604;Rate;Totalt antall liggedøgn;Fødsler;2015-2017
9;29;Liggetid, flergangsfødende (vaginal);Bergen;3;Barseltiden;1.58;4438;2817;Rate;Totalt antall liggedøgn;Fødsler;2015-2017
10;29;Liggetid, flergangsfødende (vaginal);Fonna;3;Barseltiden;2.17;2341;1086;Rate;Totalt antall liggedøgn;Fødsler;2015-2017
11;29;Liggetid, flergangsfødende (vaginal);Stavanger;3;Barseltiden;2.7;6804;2528;Rate;Totalt antall liggedøgn;Fødsler;2015-2017
12;29;Liggetid, flergangsfødende (vaginal);Østfold;3;Barseltiden;2.04;2738;1345;Rate;Totalt antall liggedøgn;Fødsler;2015-2017
13;29;Liggetid, flergangsfødende (vaginal);Akershus;3;Barseltiden;2.06;5604;2721;Rate;Totalt antall liggedøgn;Fødsler;2015-2017
14;29;Liggetid, flergangsfødende (vaginal);OUS;3;Barseltiden;2.11;3674;1730;Rate;Totalt antall liggedøgn;Fødsler;2015-2017
15;29;Liggetid, flergangsfødende (vaginal);Lovisenberg;3;Barseltiden;2.18;1953;889;Rate;Totalt antall liggedøgn;Fødsler;2015-2017
16;29;Liggetid, flergangsfødende (vaginal);Diakonhjemmet;3;Barseltiden;2.04;1409;684;Rate;Totalt antall liggedøgn;Fødsler;2015-2017
17;29;Liggetid, flergangsfødende (vaginal);Innlandet;3;Barseltiden;2.45;4094;1673;Rate;Totalt antall liggedøgn;Fødsler;2015-2017
18;29;Liggetid, flergangsfødende (vaginal);Vestre Viken;3;Barseltiden;2.2;5257;2382;Rate;Totalt antall liggedøgn;Fødsler;2015-2017
19;29;Liggetid, flergangsfødende (vaginal);Vestfold;3;Barseltiden;1.84;2023;1100;Rate;Totalt antall liggedøgn;Fødsler;2015-2017
20;29;Liggetid, flergangsfødende (vaginal);Telemark;3;Barseltiden;2.65;2021;766;Rate;Totalt antall liggedøgn;Fødsler;2015-2017
21;29;Liggetid, flergangsfødende (vaginal);Sørlandet;3;Barseltiden;2.19;3617;1653;Rate;Totalt antall liggedøgn;Fødsler;2015-2017
8888;29;Liggetid, flergangsfødende (vaginal);Norge;3;Barseltiden;2.19;61619;28168;Rate;Totalt antall liggedøgn;Fødsler;2015-2017
1;30;Liggetid, førstegangsfødende (keisersnitt);Finnmark;3;Barseltiden;4.67;305;65;Rate;Totalt antall liggedøgn;Fødsler;2015-2017
2;30;Liggetid, førstegangsfødende (keisersnitt);UNN;3;Barseltiden;4.32;720;167;Rate;Totalt antall liggedøgn;Fødsler;2015-2017
3;30;Liggetid, førstegangsfødende (keisersnitt);Nordland;3;Barseltiden;4.39;408;93;Rate;Totalt antall liggedøgn;Fødsler;2015-2017
4;30;Liggetid, førstegangsfødende (keisersnitt);Helgeland;3;Barseltiden;4.09;206;50;Rate;Totalt antall liggedøgn;Fødsler;2015-2017
5;30;Liggetid, førstegangsfødende (keisersnitt);Nord-Trøndelag;3;Barseltiden;5.19;578;112;Rate;Totalt antall liggedøgn;Fødsler;2015-2017
6;30;Liggetid, førstegangsfødende (keisersnitt);St. Olavs;3;Barseltiden;4.31;1332;309;Rate;Totalt antall liggedøgn;Fødsler;2015-2017
7;30;Liggetid, førstegangsfødende (keisersnitt);Møre og Romsdal;3;Barseltiden;4.25;838;197;Rate;Totalt antall liggedøgn;Fødsler;2015-2017
8;30;Liggetid, førstegangsfødende (keisersnitt);Førde;3;Barseltiden;4.71;312;66;Rate;Totalt antall liggedøgn;Fødsler;2015-2017
9;30;Liggetid, førstegangsfødende (keisersnitt);Bergen;3;Barseltiden;4.11;1283;313;Rate;Totalt antall liggedøgn;Fødsler;2015-2017
10;30;Liggetid, førstegangsfødende (keisersnitt);Fonna;3;Barseltiden;4.58;447;98;Rate;Totalt antall liggedøgn;Fødsler;2015-2017
11;30;Liggetid, førstegangsfødende (keisersnitt);Stavanger;3;Barseltiden;4.27;1309;307;Rate;Totalt antall liggedøgn;Fødsler;2015-2017
12;30;Liggetid, førstegangsfødende (keisersnitt);Østfold;3;Barseltiden;3.62;855;237;Rate;Totalt antall liggedøgn;Fødsler;2015-2017
13;30;Liggetid, førstegangsfødende (keisersnitt);Akershus;3;Barseltiden;3.7;1564;423;Rate;Totalt antall liggedøgn;Fødsler;2015-2017
14;30;Liggetid, førstegangsfødende (keisersnitt);OUS;3;Barseltiden;3.87;1486;383;Rate;Totalt antall liggedøgn;Fødsler;2015-2017
15;30;Liggetid, førstegangsfødende (keisersnitt);Lovisenberg;3;Barseltiden;3.81;1117;292;Rate;Totalt antall liggedøgn;Fødsler;2015-2017
16;30;Liggetid, førstegangsfødende (keisersnitt);Diakonhjemmet;3;Barseltiden;3.79;585;154;Rate;Totalt antall liggedøgn;Fødsler;2015-2017
17;30;Liggetid, førstegangsfødende (keisersnitt);Innlandet;3;Barseltiden;4.51;1394;309;Rate;Totalt antall liggedøgn;Fødsler;2015-2017
18;30;Liggetid, førstegangsfødende (keisersnitt);Vestre Viken;3;Barseltiden;4.59;1741;379;Rate;Totalt antall liggedøgn;Fødsler;2015-2017
19;30;Liggetid, førstegangsfødende (keisersnitt);Vestfold;3;Barseltiden;4.14;593;143;Rate;Totalt antall liggedøgn;Fødsler;2015-2017
20;30;Liggetid, førstegangsfødende (keisersnitt);Telemark;3;Barseltiden;5;578;116;Rate;Totalt antall liggedøgn;Fødsler;2015-2017
21;30;Liggetid, førstegangsfødende (keisersnitt);Sørlandet;3;Barseltiden;4.66;1011;217;Rate;Totalt antall liggedøgn;Fødsler;2015-2017
8888;30;Liggetid, førstegangsfødende (keisersnitt);Norge;3;Barseltiden;4.21;18662;4429;Rate;Totalt antall liggedøgn;Fødsler;2015-2017
1;31;Liggetid, flergangsfødende (keisersnitt);Finnmark;3;Barseltiden;3.81;276;73;Rate;Totalt antall liggedøgn;Fødsler;2015-2017
2;31;Liggetid, flergangsfødende (keisersnitt);UNN;3;Barseltiden;3.76;728;194;Rate;Totalt antall liggedøgn;Fødsler;2015-2017
3;31;Liggetid, flergangsfødende (keisersnitt);Nordland;3;Barseltiden;3.8;415;109;Rate;Totalt antall liggedøgn;Fødsler;2015-2017
4;31;Liggetid, flergangsfødende (keisersnitt);Helgeland;3;Barseltiden;3.65;220;61;Rate;Totalt antall liggedøgn;Fødsler;2015-2017
5;31;Liggetid, flergangsfødende (keisersnitt);Nord-Trøndelag;3;Barseltiden;4.39;795;182;Rate;Totalt antall liggedøgn;Fødsler;2015-2017
6;31;Liggetid, flergangsfødende (keisersnitt);St. Olavs;3;Barseltiden;3.65;1143;314;Rate;Totalt antall liggedøgn;Fødsler;2015-2017
7;31;Liggetid, flergangsfødende (keisersnitt);Møre og Romsdal;3;Barseltiden;3.51;873;250;Rate;Totalt antall liggedøgn;Fødsler;2015-2017
8;31;Liggetid, flergangsfødende (keisersnitt);Førde;3;Barseltiden;3.63;335;92;Rate;Totalt antall liggedøgn;Fødsler;2015-2017
9;31;Liggetid, flergangsfødende (keisersnitt);Bergen;3;Barseltiden;3.35;1073;321;Rate;Totalt antall liggedøgn;Fødsler;2015-2017
10;31;Liggetid, flergangsfødende (keisersnitt);Fonna;3;Barseltiden;4.1;558;136;Rate;Totalt antall liggedøgn;Fødsler;2015-2017
11;31;Liggetid, flergangsfødende (keisersnitt);Stavanger;3;Barseltiden;3.51;1164;332;Rate;Totalt antall liggedøgn;Fødsler;2015-2017
12;31;Liggetid, flergangsfødende (keisersnitt);Østfold;3;Barseltiden;3.22;956;298;Rate;Totalt antall liggedøgn;Fødsler;2015-2017
13;31;Liggetid, flergangsfødende (keisersnitt);Akershus;3;Barseltiden;3.23;1523;471;Rate;Totalt antall liggedøgn;Fødsler;2015-2017
14;31;Liggetid, flergangsfødende (keisersnitt);OUS;3;Barseltiden;3.45;1039;300;Rate;Totalt antall liggedøgn;Fødsler;2015-2017
15;31;Liggetid, flergangsfødende (keisersnitt);Lovisenberg;3;Barseltiden;3.47;498;143;Rate;Totalt antall liggedøgn;Fødsler;2015-2017
16;31;Liggetid, flergangsfødende (keisersnitt);Diakonhjemmet;3;Barseltiden;3.22;406;125;Rate;Totalt antall liggedøgn;Fødsler;2015-2017
17;31;Liggetid, flergangsfødende (keisersnitt);Innlandet;3;Barseltiden;3.71;1331;360;Rate;Totalt antall liggedøgn;Fødsler;2015-2017
18;31;Liggetid, flergangsfødende (keisersnitt);Vestre Viken;3;Barseltiden;3.77;1655;438;Rate;Totalt antall liggedøgn;Fødsler;2015-2017
19;31;Liggetid, flergangsfødende (keisersnitt);Vestfold;3;Barseltiden;3.53;646;183;Rate;Totalt antall liggedøgn;Fødsler;2015-2017
20;31;Liggetid, flergangsfødende (keisersnitt);Telemark;3;Barseltiden;4.44;626;142;Rate;Totalt antall liggedøgn;Fødsler;2015-2017
21;31;Liggetid, flergangsfødende (keisersnitt);Sørlandet;3;Barseltiden;3.82;1073;282;Rate;Totalt antall liggedøgn;Fødsler;2015-2017
8888;31;Liggetid, flergangsfødende (keisersnitt);Norge;3;Barseltiden;3.61;17334;4803;Rate;Totalt antall liggedøgn;Fødsler;2015-2017
1;32;Polikliniske kontakter for mor;Finnmark;3;Barseltiden;99.56;76;769;Rate;Antall;Fødsler;2015-2017
2;32;Polikliniske kontakter for mor;UNN;3;Barseltiden;253.01;491;1949;Rate;Antall;Fødsler;2015-2017
3;32;Polikliniske kontakter for mor;Nordland;3;Barseltiden;186.22;248;1339;Rate;Antall;Fødsler;2015-2017
4;32;Polikliniske kontakter for mor;Helgeland;3;Barseltiden;214.77;153;723;Rate;Antall;Fødsler;2015-2017
5;32;Polikliniske kontakter for mor;Nord-Trøndelag;3;Barseltiden;149.88;196;1321;Rate;Antall;Fødsler;2015-2017
6;32;Polikliniske kontakter for mor;St. Olavs;3;Barseltiden;242.85;869;3586;Rate;Antall;Fødsler;2015-2017
7;32;Polikliniske kontakter for mor;Møre og Romsdal;3;Barseltiden;153.2;412;2698;Rate;Antall;Fødsler;2015-2017
8;32;Polikliniske kontakter for mor;Førde;3;Barseltiden;131.75;138;1050;Rate;Antall;Fødsler;2015-2017
9;32;Polikliniske kontakter for mor;Bergen;3;Barseltiden;632.61;3403;5381;Rate;Antall;Fødsler;2015-2017
10;32;Polikliniske kontakter for mor;Fonna;3;Barseltiden;186.87;360;1944;Rate;Antall;Fødsler;2015-2017
11;32;Polikliniske kontakter for mor;Stavanger;3;Barseltiden;85.42;402;4714;Rate;Antall;Fødsler;2015-2017
12;32;Polikliniske kontakter for mor;Østfold;3;Barseltiden;456.13;1253;2760;Rate;Antall;Fødsler;2015-2017
13;32;Polikliniske kontakter for mor;Akershus;3;Barseltiden;205.6;1119;5423;Rate;Antall;Fødsler;2015-2017
14;32;Polikliniske kontakter for mor;OUS;3;Barseltiden;246.09;945;3799;Rate;Antall;Fødsler;2015-2017
15;32;Polikliniske kontakter for mor;Lovisenberg;3;Barseltiden;251.45;692;2719;Rate;Antall;Fødsler;2015-2017
16;32;Polikliniske kontakter for mor;Diakonhjemmet;3;Barseltiden;282.42;503;1750;Rate;Antall;Fødsler;2015-2017
17;32;Polikliniske kontakter for mor;Innlandet;3;Barseltiden;213.16;730;3441;Rate;Antall;Fødsler;2015-2017
18;32;Polikliniske kontakter for mor;Vestre Viken;3;Barseltiden;377.21;1823;4803;Rate;Antall;Fødsler;2015-2017
19;32;Polikliniske kontakter for mor;Vestfold;3;Barseltiden;370.26;799;2162;Rate;Antall;Fødsler;2015-2017
20;32;Polikliniske kontakter for mor;Telemark;3;Barseltiden;352.69;539;1540;Rate;Antall;Fødsler;2015-2017
21;32;Polikliniske kontakter for mor;Sørlandet;3;Barseltiden;171.31;553;3241;Rate;Antall;Fødsler;2015-2017
8888;32;Polikliniske kontakter for mor;Norge;3;Barseltiden;274.95;15703;57111;Rate;Antall;Fødsler;2015-2017
1;33;Polikliniske kontakter for nyfødte;Finnmark;3;Barseltiden;119.66;94;788;Rate;Antall;Fødsler;2015-2017
2;33;Polikliniske kontakter for nyfødte;UNN;3;Barseltiden;286.56;581;2026;Rate;Antall;Fødsler;2015-2017
3;33;Polikliniske kontakter for nyfødte;Nordland;3;Barseltiden;280.44;395;1407;Rate;Antall;Fødsler;2015-2017
4;33;Polikliniske kontakter for nyfødte;Helgeland;3;Barseltiden;397.75;306;769;Rate;Antall;Fødsler;2015-2017
5;33;Polikliniske kontakter for nyfødte;Nord-Trøndelag;3;Barseltiden;211.14;291;1377;Rate;Antall;Fødsler;2015-2017
6;33;Polikliniske kontakter for nyfødte;St. Olavs;3;Barseltiden;425.97;1590;3733;Rate;Antall;Fødsler;2015-2017
7;33;Polikliniske kontakter for nyfødte;Møre og Romsdal;3;Barseltiden;335.77;933;2778;Rate;Antall;Fødsler;2015-2017
8;33;Polikliniske kontakter for nyfødte;Førde;3;Barseltiden;336.82;375;1114;Rate;Antall;Fødsler;2015-2017
9;33;Polikliniske kontakter for nyfødte;Bergen;3;Barseltiden;653.93;3657;5592;Rate;Antall;Fødsler;2015-2017
10;33;Polikliniske kontakter for nyfødte;Fonna;3;Barseltiden;430.13;866;2013;Rate;Antall;Fødsler;2015-2017
11;33;Polikliniske kontakter for nyfødte;Stavanger;3;Barseltiden;382.87;1880;4910;Rate;Antall;Fødsler;2015-2017
12;33;Polikliniske kontakter for nyfødte;Østfold;3;Barseltiden;488.68;1424;2915;Rate;Antall;Fødsler;2015-2017
13;33;Polikliniske kontakter for nyfødte;Akershus;3;Barseltiden;401.77;2314;5759;Rate;Antall;Fødsler;2015-2017
14;33;Polikliniske kontakter for nyfødte;OUS;3;Barseltiden;315.79;1274;4035;Rate;Antall;Fødsler;2015-2017
15;33;Polikliniske kontakter for nyfødte;Lovisenberg;3;Barseltiden;286.87;812;2832;Rate;Antall;Fødsler;2015-2017
16;33;Polikliniske kontakter for nyfødte;Diakonhjemmet;3;Barseltiden;348.65;645;1850;Rate;Antall;Fødsler;2015-2017
17;33;Polikliniske kontakter for nyfødte;Innlandet;3;Barseltiden;212.14;778;3667;Rate;Antall;Fødsler;2015-2017
18;33;Polikliniske kontakter for nyfødte;Vestre Viken;3;Barseltiden;444.02;2351;5294;Rate;Antall;Fødsler;2015-2017
19;33;Polikliniske kontakter for nyfødte;Vestfold;3;Barseltiden;768.29;1730;2251;Rate;Antall;Fødsler;2015-2017
20;33;Polikliniske kontakter for nyfødte;Telemark;3;Barseltiden;414.43;676;1630;Rate;Antall;Fødsler;2015-2017
21;33;Polikliniske kontakter for nyfødte;Sørlandet;3;Barseltiden;455.63;1547;3395;Rate;Antall;Fødsler;2015-2017
8888;33;Polikliniske kontakter for nyfødte;Norge;3;Barseltiden;407.7;24518;60137;Rate;Antall;Fødsler;2015-2017
1;34;Reinnleggelser av mor;Finnmark;3;Barseltiden;31.11;24;769;Rate;Antall;Fødsler;2015-2017
2;34;Reinnleggelser av mor;UNN;3;Barseltiden;29.03;57;1947;Rate;Antall;Fødsler;2015-2017
3;34;Reinnleggelser av mor;Nordland;3;Barseltiden;28.46;39;1339;Rate;Antall;Fødsler;2015-2017
4;34;Reinnleggelser av mor;Helgeland;3;Barseltiden;39.54;29;723;Rate;Antall;Fødsler;2015-2017
5;34;Reinnleggelser av mor;Nord-Trøndelag;3;Barseltiden;32.14;43;1321;Rate;Antall;Fødsler;2015-2017
6;34;Reinnleggelser av mor;St. Olavs;3;Barseltiden;33.24;120;3585;Rate;Antall;Fødsler;2015-2017
7;34;Reinnleggelser av mor;Møre og Romsdal;3;Barseltiden;26.89;73;2696;Rate;Antall;Fødsler;2015-2017
8;34;Reinnleggelser av mor;Førde;3;Barseltiden;31.34;33;1049;Rate;Antall;Fødsler;2015-2017
9;34;Reinnleggelser av mor;Bergen;3;Barseltiden;47.28;254;5380;Rate;Antall;Fødsler;2015-2017
10;34;Reinnleggelser av mor;Fonna;3;Barseltiden;31.57;62;1944;Rate;Antall;Fødsler;2015-2017
11;34;Reinnleggelser av mor;Stavanger;3;Barseltiden;23.78;112;4713;Rate;Antall;Fødsler;2015-2017
12;34;Reinnleggelser av mor;Østfold;3;Barseltiden;22.53;63;2758;Rate;Antall;Fødsler;2015-2017
13;34;Reinnleggelser av mor;Akershus;3;Barseltiden;25.18;136;5423;Rate;Antall;Fødsler;2015-2017
14;34;Reinnleggelser av mor;OUS;3;Barseltiden;25.39;94;3798;Rate;Antall;Fødsler;2015-2017
15;34;Reinnleggelser av mor;Lovisenberg;3;Barseltiden;26.48;70;2718;Rate;Antall;Fødsler;2015-2017
16;34;Reinnleggelser av mor;Diakonhjemmet;3;Barseltiden;28.41;48;1750;Rate;Antall;Fødsler;2015-2017
17;34;Reinnleggelser av mor;Innlandet;3;Barseltiden;30.42;106;3439;Rate;Antall;Fødsler;2015-2017
18;34;Reinnleggelser av mor;Vestre Viken;3;Barseltiden;39.65;188;4802;Rate;Antall;Fødsler;2015-2017
19;34;Reinnleggelser av mor;Vestfold;3;Barseltiden;23.2;50;2161;Rate;Antall;Fødsler;2015-2017
20;34;Reinnleggelser av mor;Telemark;3;Barseltiden;21.61;34;1539;Rate;Antall;Fødsler;2015-2017
21;34;Reinnleggelser av mor;Sørlandet;3;Barseltiden;22.94;75;3239;Rate;Antall;Fødsler;2015-2017
8888;34;Reinnleggelser av mor;Norge;3;Barseltiden;29.97;1711;57093;Rate;Antall;Fødsler;2015-2017
1;35;Reinnleggelser av nyfødte;Finnmark;3;Barseltiden;36.79;29;788;Rate;Antall;Fødsler;2015-2017
2;35;Reinnleggelser av nyfødte;UNN;3;Barseltiden;27.14;55;2026;Rate;Antall;Fødsler;2015-2017
3;35;Reinnleggelser av nyfødte;Nordland;3;Barseltiden;43.11;61;1407;Rate;Antall;Fødsler;2015-2017
4;35;Reinnleggelser av nyfødte;Helgeland;3;Barseltiden;58.49;45;769;Rate;Antall;Fødsler;2015-2017
5;35;Reinnleggelser av nyfødte;Nord-Trøndelag;3;Barseltiden;48.43;67;1377;Rate;Antall;Fødsler;2015-2017
6;35;Reinnleggelser av nyfødte;St. Olavs;3;Barseltiden;60.55;226;3733;Rate;Antall;Fødsler;2015-2017
7;35;Reinnleggelser av nyfødte;Møre og Romsdal;3;Barseltiden;45.36;126;2778;Rate;Antall;Fødsler;2015-2017
8;35;Reinnleggelser av nyfødte;Førde;3;Barseltiden;60.72;68;1114;Rate;Antall;Fødsler;2015-2017
9;35;Reinnleggelser av nyfødte;Bergen;3;Barseltiden;69.8;390;5592;Rate;Antall;Fødsler;2015-2017
10;35;Reinnleggelser av nyfødte;Fonna;3;Barseltiden;58.61;118;2013;Rate;Antall;Fødsler;2015-2017
11;35;Reinnleggelser av nyfødte;Stavanger;3;Barseltiden;52.47;258;4910;Rate;Antall;Fødsler;2015-2017
12;35;Reinnleggelser av nyfødte;Østfold;3;Barseltiden;66.9;195;2915;Rate;Antall;Fødsler;2015-2017
13;35;Reinnleggelser av nyfødte;Akershus;3;Barseltiden;45.67;263;5759;Rate;Antall;Fødsler;2015-2017
14;35;Reinnleggelser av nyfødte;OUS;3;Barseltiden;31.06;125;4035;Rate;Antall;Fødsler;2015-2017
15;35;Reinnleggelser av nyfødte;Lovisenberg;3;Barseltiden;30.02;85;2832;Rate;Antall;Fødsler;2015-2017
16;35;Reinnleggelser av nyfødte;Diakonhjemmet;3;Barseltiden;31.53;58;1850;Rate;Antall;Fødsler;2015-2017
17;35;Reinnleggelser av nyfødte;Innlandet;3;Barseltiden;58.08;213;3667;Rate;Antall;Fødsler;2015-2017
18;35;Reinnleggelser av nyfødte;Vestre Viken;3;Barseltiden;53.27;282;5294;Rate;Antall;Fødsler;2015-2017
19;35;Reinnleggelser av nyfødte;Vestfold;3;Barseltiden;63.22;142;2251;Rate;Antall;Fødsler;2015-2017
20;35;Reinnleggelser av nyfødte;Telemark;3;Barseltiden;54.59;89;1630;Rate;Antall;Fødsler;2015-2017
21;35;Reinnleggelser av nyfødte;Sørlandet;3;Barseltiden;53.11;180;3395;Rate;Antall;Fødsler;2015-2017
8888;35;Reinnleggelser av nyfødte;Norge;3;Barseltiden;51.14;3075;60137;Rate;Antall;Fødsler;2015-2017
1;36;Hjemmebesøk av kommunalt ansatt jordmor;Finnmark;3;Barseltiden;221.77;162;731;Rate;Antall;Fødsler;2015-2017
2;36;Hjemmebesøk av kommunalt ansatt jordmor;UNN;3;Barseltiden;130.08;245;1884;Rate;Antall;Fødsler;2015-2017
3;36;Hjemmebesøk av kommunalt ansatt jordmor;Nordland;3;Barseltiden;284.24;372;1307;Rate;Antall;Fødsler;2015-2017
4;36;Hjemmebesøk av kommunalt ansatt jordmor;Helgeland;3;Barseltiden;147.54;104;702;Rate;Antall;Fødsler;2015-2017
5;36;Hjemmebesøk av kommunalt ansatt jordmor;Nord-Trøndelag;3;Barseltiden;266.24;357;1339;Rate;Antall;Fødsler;2015-2017
6;36;Hjemmebesøk av kommunalt ansatt jordmor;St. Olavs;3;Barseltiden;182.22;634;3477;Rate;Antall;Fødsler;2015-2017
7;36;Hjemmebesøk av kommunalt ansatt jordmor;Møre og Romsdal;3;Barseltiden;445.24;1185;2662;Rate;Antall;Fødsler;2015-2017
8;36;Hjemmebesøk av kommunalt ansatt jordmor;Førde;3;Barseltiden;611.89;654;1068;Rate;Antall;Fødsler;2015-2017
9;36;Hjemmebesøk av kommunalt ansatt jordmor;Bergen;3;Barseltiden;220.92;1135;5138;Rate;Antall;Fødsler;2015-2017
10;36;Hjemmebesøk av kommunalt ansatt jordmor;Fonna;3;Barseltiden;317.95;586;1842;Rate;Antall;Fødsler;2015-2017
11;36;Hjemmebesøk av kommunalt ansatt jordmor;Stavanger;3;Barseltiden;120.62;554;4593;Rate;Antall;Fødsler;2015-2017
12;36;Hjemmebesøk av kommunalt ansatt jordmor;Østfold;3;Barseltiden;275.49;738;2677;Rate;Antall;Fødsler;2015-2017
13;36;Hjemmebesøk av kommunalt ansatt jordmor;Akershus;3;Barseltiden;460.09;1902;4134;Rate;Antall;Fødsler;2015-2017
14;36;Hjemmebesøk av kommunalt ansatt jordmor;OUS;3;Barseltiden;230.68;1001;4337;Rate;Antall;Fødsler;2015-2017
15;36;Hjemmebesøk av kommunalt ansatt jordmor;Lovisenberg;3;Barseltiden;230.68;718;3111;Rate;Antall;Fødsler;2015-2017
16;36;Hjemmebesøk av kommunalt ansatt jordmor;Diakonhjemmet;3;Barseltiden;230.68;457;1980;Rate;Antall;Fødsler;2015-2017
17;36;Hjemmebesøk av kommunalt ansatt jordmor;Innlandet;3;Barseltiden;343.9;1161;3375;Rate;Antall;Fødsler;2015-2017
18;36;Hjemmebesøk av kommunalt ansatt jordmor;Vestre Viken;3;Barseltiden;304.12;1466;4821;Rate;Antall;Fødsler;2015-2017
19;36;Hjemmebesøk av kommunalt ansatt jordmor;Vestfold;3;Barseltiden;246.62;520;2109;Rate;Antall;Fødsler;2015-2017
20;36;Hjemmebesøk av kommunalt ansatt jordmor;Telemark;3;Barseltiden;219.17;332;1513;Rate;Antall;Fødsler;2015-2017
21;36;Hjemmebesøk av kommunalt ansatt jordmor;Sørlandet;3;Barseltiden;458.87;1414;3082;Rate;Antall;Fødsler;2015-2017
8888;36;Hjemmebesøk av kommunalt ansatt jordmor;Norge;3;Barseltiden;280.82;15692;55877;Rate;Antall;Fødsler;2015-2017
1;37;Hjemmebesøk av helsesykepleier;Finnmark;3;Barseltiden;734.04;575;783;Rate;Antall;Fødsler;2015-2017
2;37;Hjemmebesøk av helsesykepleier;UNN;3;Barseltiden;901.22;1770;1964;Rate;Antall;Fødsler;2015-2017
3;37;Hjemmebesøk av helsesykepleier;Nordland;3;Barseltiden;840.35;1151;1370;Rate;Antall;Fødsler;2015-2017
4;37;Hjemmebesøk av helsesykepleier;Helgeland;3;Barseltiden;964.46;706;732;Rate;Antall;Fødsler;2015-2017
5;37;Hjemmebesøk av helsesykepleier;Nord-Trøndelag;3;Barseltiden;902.04;1225;1358;Rate;Antall;Fødsler;2015-2017
6;37;Hjemmebesøk av helsesykepleier;St. Olavs;3;Barseltiden;920.57;3384;3676;Rate;Antall;Fødsler;2015-2017
7;37;Hjemmebesøk av helsesykepleier;Møre og Romsdal;3;Barseltiden;934.17;2545;2724;Rate;Antall;Fødsler;2015-2017
8;37;Hjemmebesøk av helsesykepleier;Førde;3;Barseltiden;943.27;1025;1087;Rate;Antall;Fødsler;2015-2017
9;37;Hjemmebesøk av helsesykepleier;Bergen;3;Barseltiden;945.65;5220;5520;Rate;Antall;Fødsler;2015-2017
10;37;Hjemmebesøk av helsesykepleier;Fonna;3;Barseltiden;862.59;1712;1984;Rate;Antall;Fødsler;2015-2017
11;37;Hjemmebesøk av helsesykepleier;Stavanger;3;Barseltiden;850.18;4099;4821;Rate;Antall;Fødsler;2015-2017
12;37;Hjemmebesøk av helsesykepleier;Østfold;3;Barseltiden;928.1;2577;2777;Rate;Antall;Fødsler;2015-2017
13;37;Hjemmebesøk av helsesykepleier;Akershus;3;Barseltiden;802.87;4446;5538;Rate;Antall;Fødsler;2015-2017
14;37;Hjemmebesøk av helsesykepleier;OUS;3;Barseltiden;645.93;2544;3938;Rate;Antall;Fødsler;2015-2017
15;37;Hjemmebesøk av helsesykepleier;Lovisenberg;3;Barseltiden;661.62;1792;2708;Rate;Antall;Fødsler;2015-2017
16;37;Hjemmebesøk av helsesykepleier;Diakonhjemmet;3;Barseltiden;636.95;1129;1772;Rate;Antall;Fødsler;2015-2017
17;37;Hjemmebesøk av helsesykepleier;Innlandet;3;Barseltiden;842.6;2964;3518;Rate;Antall;Fødsler;2015-2017
18;37;Hjemmebesøk av helsesykepleier;Vestre Viken;3;Barseltiden;934.86;4578;4897;Rate;Antall;Fødsler;2015-2017
19;37;Hjemmebesøk av helsesykepleier;Vestfold;3;Barseltiden;918.49;2006;2184;Rate;Antall;Fødsler;2015-2017
20;37;Hjemmebesøk av helsesykepleier;Telemark;3;Barseltiden;961.97;1509;1569;Rate;Antall;Fødsler;2015-2017
21;37;Hjemmebesøk av helsesykepleier;Sørlandet;3;Barseltiden;968.34;3171;3275;Rate;Antall;Fødsler;2015-2017
8888;37;Hjemmebesøk av helsesykepleier;Norge;3;Barseltiden;861.37;50126;58194;Rate;Antall;Fødsler;2015-2017
