area;level2;level2_name;area_name;level1;level1_name;value;numerator;denominator;type;name_numerator;name_denominator;period
1;1;Postmenopausale blødninger;Finnmark;1;Diagnostikk og utredninger;98.26;137;13818;Rate;Antall;Innbyggere;2015-2017
2;1;Postmenopausale blødninger;UNN;1;Diagnostikk og utredninger;114.82;412;36027;Rate;Antall;Innbyggere;2015-2017
3;1;Postmenopausale blødninger;Nordland;1;Diagnostikk og utredninger;87.85;239;27320;Rate;Antall;Innbyggere;2015-2017
4;1;Postmenopausale blødninger;Helgeland;1;Diagnostikk og utredninger;109.69;174;15997;Rate;Antall;Innbyggere;2015-2017
5;1;Postmenopausale blødninger;Nord-Trøndelag;1;Diagnostikk og utredninger;92.75;245;26846;Rate;Antall;Innbyggere;2015-2017
6;1;Postmenopausale blødninger;St. Olavs;1;Diagnostikk og utredninger;77.5;431;55561;Rate;Antall;Innbyggere;2015-2017
7;1;Postmenopausale blødninger;Møre og Romsdal;1;Diagnostikk og utredninger;84.24;420;50391;Rate;Antall;Innbyggere;2015-2017
8;1;Postmenopausale blødninger;Førde;1;Diagnostikk og utredninger;73.49;155;21462;Rate;Antall;Innbyggere;2015-2017
9;1;Postmenopausale blødninger;Bergen;1;Diagnostikk og utredninger;94.73;712;75263;Rate;Antall;Innbyggere;2015-2017
10;1;Postmenopausale blødninger;Fonna;1;Diagnostikk og utredninger;108.77;350;32368;Rate;Antall;Innbyggere;2015-2017
11;1;Postmenopausale blødninger;Stavanger;1;Diagnostikk og utredninger;101.89;575;55954;Rate;Antall;Innbyggere;2015-2017
12;1;Postmenopausale blødninger;Østfold;1;Diagnostikk og utredninger;99.94;578;58034;Rate;Antall;Innbyggere;2015-2017
13;1;Postmenopausale blødninger;Akershus;1;Diagnostikk og utredninger;93.7;818;86884;Rate;Antall;Innbyggere;2015-2017
14;1;Postmenopausale blødninger;OUS;1;Diagnostikk og utredninger;92.69;377;40513;Rate;Antall;Innbyggere;2015-2017
15;1;Postmenopausale blødninger;Lovisenberg;1;Diagnostikk og utredninger;84.51;119;13700;Rate;Antall;Innbyggere;2015-2017
16;1;Postmenopausale blødninger;Diakonhjemmet;1;Diagnostikk og utredninger;92.06;225;24517;Rate;Antall;Innbyggere;2015-2017
17;1;Postmenopausale blødninger;Innlandet;1;Diagnostikk og utredninger;90.23;764;85637;Rate;Antall;Innbyggere;2015-2017
18;1;Postmenopausale blødninger;Vestre Viken;1;Diagnostikk og utredninger;107.44;984;91536;Rate;Antall;Innbyggere;2015-2017
19;1;Postmenopausale blødninger;Vestfold;1;Diagnostikk og utredninger;107.48;500;46631;Rate;Antall;Innbyggere;2015-2017
20;1;Postmenopausale blødninger;Telemark;1;Diagnostikk og utredninger;107.58;381;35845;Rate;Antall;Innbyggere;2015-2017
21;1;Postmenopausale blødninger;Sørlandet;1;Diagnostikk og utredninger;107.77;588;54515;Rate;Antall;Innbyggere;2015-2017
8888;1;Postmenopausale blødninger;Norge;1;Diagnostikk og utredninger;96.8;9186;948819;Rate;Antall;Innbyggere;2015-2017
1;2;Diagnostikk av endometriet;Finnmark;1;Diagnostikk og utredninger;120.24;365;30108;Rate;Antall;Innbyggere;2015-2017
2;2;Diagnostikk av endometriet;UNN;1;Diagnostikk og utredninger;115.06;895;77413;Rate;Antall;Innbyggere;2015-2017
3;2;Diagnostikk av endometriet;Nordland;1;Diagnostikk og utredninger;151.02;876;56144;Rate;Antall;Innbyggere;2015-2017
4;2;Diagnostikk av endometriet;Helgeland;1;Diagnostikk og utredninger;145.46;471;31821;Rate;Antall;Innbyggere;2015-2017
5;2;Diagnostikk av endometriet;Nord-Trøndelag;1;Diagnostikk og utredninger;87.03;486;54518;Rate;Antall;Innbyggere;2015-2017
6;2;Diagnostikk av endometriet;St. Olavs;1;Diagnostikk og utredninger;89.66;1143;128837;Rate;Antall;Innbyggere;2015-2017
7;2;Diagnostikk av endometriet;Møre og Romsdal;1;Diagnostikk og utredninger;75.3;792;104957;Rate;Antall;Innbyggere;2015-2017
8;2;Diagnostikk av endometriet;Førde;1;Diagnostikk og utredninger;77.26;344;43540;Rate;Antall;Innbyggere;2015-2017
9;2;Diagnostikk av endometriet;Bergen;1;Diagnostikk og utredninger;72.63;1273;178531;Rate;Antall;Innbyggere;2015-2017
10;2;Diagnostikk av endometriet;Fonna;1;Diagnostikk og utredninger;80.34;568;70749;Rate;Antall;Innbyggere;2015-2017
11;2;Diagnostikk av endometriet;Stavanger;1;Diagnostikk og utredninger;111.73;1555;140197;Rate;Antall;Innbyggere;2015-2017
12;2;Diagnostikk av endometriet;Østfold;1;Diagnostikk og utredninger;95.2;1166;119927;Rate;Antall;Innbyggere;2015-2017
13;2;Diagnostikk av endometriet;Akershus;1;Diagnostikk og utredninger;80.66;1642;201911;Rate;Antall;Innbyggere;2015-2017
14;2;Diagnostikk av endometriet;OUS;1;Diagnostikk og utredninger;100.37;1052;109435;Rate;Antall;Innbyggere;2015-2017
15;2;Diagnostikk av endometriet;Lovisenberg;1;Diagnostikk og utredninger;81.8;397;62639;Rate;Antall;Innbyggere;2015-2017
16;2;Diagnostikk av endometriet;Diakonhjemmet;1;Diagnostikk og utredninger;90.57;516;59811;Rate;Antall;Innbyggere;2015-2017
17;2;Diagnostikk av endometriet;Innlandet;1;Diagnostikk og utredninger;130.17;2191;166569;Rate;Antall;Innbyggere;2015-2017
18;2;Diagnostikk av endometriet;Vestre Viken;1;Diagnostikk og utredninger;113.41;2264;196644;Rate;Antall;Innbyggere;2015-2017
19;2;Diagnostikk av endometriet;Vestfold;1;Diagnostikk og utredninger;111.98;1096;95564;Rate;Antall;Innbyggere;2015-2017
20;2;Diagnostikk av endometriet;Telemark;1;Diagnostikk og utredninger;117.71;863;71665;Rate;Antall;Innbyggere;2015-2017
21;2;Diagnostikk av endometriet;Sørlandet;1;Diagnostikk og utredninger;98.16;1182;120307;Rate;Antall;Innbyggere;2015-2017
8888;2;Diagnostikk av endometriet;Norge;1;Diagnostikk og utredninger;99.63;21136;2121287;Rate;Antall;Innbyggere;2015-2017
1;3;Andel utskrapning;Finnmark;1;Diagnostikk og utredninger;37.79;129;342;Andel(%);Antall diagnostikk av endometr;Antall utskrapning;2015-2017
2;3;Andel utskrapning;UNN;1;Diagnostikk og utredninger;18.21;162;881;Andel(%);Antall diagnostikk av endometr;Antall utskrapning;2015-2017
3;3;Andel utskrapning;Nordland;1;Diagnostikk og utredninger;12.28;102;850;Andel(%);Antall diagnostikk av endometr;Antall utskrapning;2015-2017
4;3;Andel utskrapning;Helgeland;1;Diagnostikk og utredninger;23.09;105;446;Andel(%);Antall diagnostikk av endometr;Antall utskrapning;2015-2017
5;3;Andel utskrapning;Nord-Trøndelag;1;Diagnostikk og utredninger;19.4;81;409;Andel(%);Antall diagnostikk av endometr;Antall utskrapning;2015-2017
6;3;Andel utskrapning;St. Olavs;1;Diagnostikk og utredninger;3.93;44;1117;Andel(%);Antall diagnostikk av endometr;Antall utskrapning;2015-2017
7;3;Andel utskrapning;Møre og Romsdal;1;Diagnostikk og utredninger;24.2;174;708;Andel(%);Antall diagnostikk av endometr;Antall utskrapning;2015-2017
8;3;Andel utskrapning;Førde;1;Diagnostikk og utredninger;27.35;78;280;Andel(%);Antall diagnostikk av endometr;Antall utskrapning;2015-2017
9;3;Andel utskrapning;Bergen;1;Diagnostikk og utredninger;17.87;208;1174;Andel(%);Antall diagnostikk av endometr;Antall utskrapning;2015-2017
10;3;Andel utskrapning;Fonna;1;Diagnostikk og utredninger;18.53;104;556;Andel(%);Antall diagnostikk av endometr;Antall utskrapning;2015-2017
11;3;Andel utskrapning;Stavanger;1;Diagnostikk og utredninger;23.74;348;1507;Andel(%);Antall diagnostikk av endometr;Antall utskrapning;2015-2017
12;3;Andel utskrapning;Østfold;1;Diagnostikk og utredninger;12.97;152;1139;Andel(%);Antall diagnostikk av endometr;Antall utskrapning;2015-2017
13;3;Andel utskrapning;Akershus;1;Diagnostikk og utredninger;13.78;208;1552;Andel(%);Antall diagnostikk av endometr;Antall utskrapning;2015-2017
14;3;Andel utskrapning;OUS;1;Diagnostikk og utredninger;8.55;81;1018;Andel(%);Antall diagnostikk av endometr;Antall utskrapning;2015-2017
15;3;Andel utskrapning;Lovisenberg;1;Diagnostikk og utredninger;11.78;37;380;Andel(%);Antall diagnostikk av endometr;Antall utskrapning;2015-2017
16;3;Andel utskrapning;Diakonhjemmet;1;Diagnostikk og utredninger;9.66;49;509;Andel(%);Antall diagnostikk av endometr;Antall utskrapning;2015-2017
17;3;Andel utskrapning;Innlandet;1;Diagnostikk og utredninger;19.57;411;2019;Andel(%);Antall diagnostikk av endometr;Antall utskrapning;2015-2017
18;3;Andel utskrapning;Vestre Viken;1;Diagnostikk og utredninger;16.45;348;2109;Andel(%);Antall diagnostikk av endometr;Antall utskrapning;2015-2017
19;3;Andel utskrapning;Vestfold;1;Diagnostikk og utredninger;16.88;184;1073;Andel(%);Antall diagnostikk av endometr;Antall utskrapning;2015-2017
20;3;Andel utskrapning;Telemark;1;Diagnostikk og utredninger;23.61;184;772;Andel(%);Antall diagnostikk av endometr;Antall utskrapning;2015-2017
21;3;Andel utskrapning;Sørlandet;1;Diagnostikk og utredninger;16.97;199;1167;Andel(%);Antall diagnostikk av endometr;Antall utskrapning;2015-2017
8888;3;Andel utskrapning;Norge;1;Diagnostikk og utredninger;16.93;3388;20009;Andel(%);Antall diagnostikk av endometr;Antall utskrapning;2015-2017
1;4;Kolposkopi og/eller vevsprøve av livmorhalsen;Finnmark;1;Diagnostikk og utredninger;237.84;710;30108;Rate;Antall;Innbyggere;2015-2017
2;4;Kolposkopi og/eller vevsprøve av livmorhalsen;UNN;1;Diagnostikk og utredninger;214.2;1633;77413;Rate;Antall;Innbyggere;2015-2017
3;4;Kolposkopi og/eller vevsprøve av livmorhalsen;Nordland;1;Diagnostikk og utredninger;1299.3;7205;56144;Rate;Antall;Innbyggere;2015-2017
4;4;Kolposkopi og/eller vevsprøve av livmorhalsen;Helgeland;1;Diagnostikk og utredninger;236.5;723;31821;Rate;Antall;Innbyggere;2015-2017
5;4;Kolposkopi og/eller vevsprøve av livmorhalsen;Nord-Trøndelag;1;Diagnostikk og utredninger;112.75;592;54518;Rate;Antall;Innbyggere;2015-2017
6;4;Kolposkopi og/eller vevsprøve av livmorhalsen;St. Olavs;1;Diagnostikk og utredninger;156.83;2050;128837;Rate;Antall;Innbyggere;2015-2017
7;4;Kolposkopi og/eller vevsprøve av livmorhalsen;Møre og Romsdal;1;Diagnostikk og utredninger;75.27;757;104957;Rate;Antall;Innbyggere;2015-2017
8;4;Kolposkopi og/eller vevsprøve av livmorhalsen;Førde;1;Diagnostikk og utredninger;127.93;535;43540;Rate;Antall;Innbyggere;2015-2017
9;4;Kolposkopi og/eller vevsprøve av livmorhalsen;Bergen;1;Diagnostikk og utredninger;466.09;8307;178531;Rate;Antall;Innbyggere;2015-2017
10;4;Kolposkopi og/eller vevsprøve av livmorhalsen;Fonna;1;Diagnostikk og utredninger;472.85;3333;70749;Rate;Antall;Innbyggere;2015-2017
11;4;Kolposkopi og/eller vevsprøve av livmorhalsen;Stavanger;1;Diagnostikk og utredninger;406.49;5867;140197;Rate;Antall;Innbyggere;2015-2017
12;4;Kolposkopi og/eller vevsprøve av livmorhalsen;Østfold;1;Diagnostikk og utredninger;500.86;5921;119927;Rate;Antall;Innbyggere;2015-2017
13;4;Kolposkopi og/eller vevsprøve av livmorhalsen;Akershus;1;Diagnostikk og utredninger;427.57;8722;201911;Rate;Antall;Innbyggere;2015-2017
14;4;Kolposkopi og/eller vevsprøve av livmorhalsen;OUS;1;Diagnostikk og utredninger;629.77;6957;109435;Rate;Antall;Innbyggere;2015-2017
15;4;Kolposkopi og/eller vevsprøve av livmorhalsen;Lovisenberg;1;Diagnostikk og utredninger;639.69;4296;62639;Rate;Antall;Innbyggere;2015-2017
16;4;Kolposkopi og/eller vevsprøve av livmorhalsen;Diakonhjemmet;1;Diagnostikk og utredninger;667.79;3978;59811;Rate;Antall;Innbyggere;2015-2017
17;4;Kolposkopi og/eller vevsprøve av livmorhalsen;Innlandet;1;Diagnostikk og utredninger;417.36;6934;166569;Rate;Antall;Innbyggere;2015-2017
18;4;Kolposkopi og/eller vevsprøve av livmorhalsen;Vestre Viken;1;Diagnostikk og utredninger;565.07;11178;196644;Rate;Antall;Innbyggere;2015-2017
19;4;Kolposkopi og/eller vevsprøve av livmorhalsen;Vestfold;1;Diagnostikk og utredninger;1216.07;11562;95564;Rate;Antall;Innbyggere;2015-2017
20;4;Kolposkopi og/eller vevsprøve av livmorhalsen;Telemark;1;Diagnostikk og utredninger;947.65;6656;71665;Rate;Antall;Innbyggere;2015-2017
21;4;Kolposkopi og/eller vevsprøve av livmorhalsen;Sørlandet;1;Diagnostikk og utredninger;241.67;2899;120307;Rate;Antall;Innbyggere;2015-2017
8888;4;Kolposkopi og/eller vevsprøve av livmorhalsen;Norge;1;Diagnostikk og utredninger;475.26;100815;2121287;Rate;Antall;Innbyggere;2015-2017
1;5;Vevsprøve av livmorhalsen;Finnmark;1;Diagnostikk og utredninger;136.11;403;30108;Rate;Antall;Innbyggere;2015-2017
2;5;Vevsprøve av livmorhalsen;UNN;1;Diagnostikk og utredninger;161.35;1231;77413;Rate;Antall;Innbyggere;2015-2017
3;5;Vevsprøve av livmorhalsen;Nordland;1;Diagnostikk og utredninger;323.22;1793;56144;Rate;Antall;Innbyggere;2015-2017
4;5;Vevsprøve av livmorhalsen;Helgeland;1;Diagnostikk og utredninger;151.6;454;31821;Rate;Antall;Innbyggere;2015-2017
5;5;Vevsprøve av livmorhalsen;Nord-Trøndelag;1;Diagnostikk og utredninger;87.57;456;54518;Rate;Antall;Innbyggere;2015-2017
6;5;Vevsprøve av livmorhalsen;St. Olavs;1;Diagnostikk og utredninger;93.16;1212;128837;Rate;Antall;Innbyggere;2015-2017
7;5;Vevsprøve av livmorhalsen;Møre og Romsdal;1;Diagnostikk og utredninger;44.98;454;104957;Rate;Antall;Innbyggere;2015-2017
8;5;Vevsprøve av livmorhalsen;Førde;1;Diagnostikk og utredninger;94.29;394;43540;Rate;Antall;Innbyggere;2015-2017
9;5;Vevsprøve av livmorhalsen;Bergen;1;Diagnostikk og utredninger;84.27;1545;178531;Rate;Antall;Innbyggere;2015-2017
10;5;Vevsprøve av livmorhalsen;Fonna;1;Diagnostikk og utredninger;76.83;539;70749;Rate;Antall;Innbyggere;2015-2017
11;5;Vevsprøve av livmorhalsen;Stavanger;1;Diagnostikk og utredninger;91.5;1335;140197;Rate;Antall;Innbyggere;2015-2017
12;5;Vevsprøve av livmorhalsen;Østfold;1;Diagnostikk og utredninger;73.08;846;119927;Rate;Antall;Innbyggere;2015-2017
13;5;Vevsprøve av livmorhalsen;Akershus;1;Diagnostikk og utredninger;56.53;1155;201911;Rate;Antall;Innbyggere;2015-2017
14;5;Vevsprøve av livmorhalsen;OUS;1;Diagnostikk og utredninger;65.65;768;109435;Rate;Antall;Innbyggere;2015-2017
15;5;Vevsprøve av livmorhalsen;Lovisenberg;1;Diagnostikk og utredninger;79.07;645;62639;Rate;Antall;Innbyggere;2015-2017
16;5;Vevsprøve av livmorhalsen;Diakonhjemmet;1;Diagnostikk og utredninger;67.43;426;59811;Rate;Antall;Innbyggere;2015-2017
17;5;Vevsprøve av livmorhalsen;Innlandet;1;Diagnostikk og utredninger;63.28;992;166569;Rate;Antall;Innbyggere;2015-2017
18;5;Vevsprøve av livmorhalsen;Vestre Viken;1;Diagnostikk og utredninger;48.78;947;196644;Rate;Antall;Innbyggere;2015-2017
19;5;Vevsprøve av livmorhalsen;Vestfold;1;Diagnostikk og utredninger;84.8;789;95564;Rate;Antall;Innbyggere;2015-2017
20;5;Vevsprøve av livmorhalsen;Telemark;1;Diagnostikk og utredninger;61.29;421;71665;Rate;Antall;Innbyggere;2015-2017
21;5;Vevsprøve av livmorhalsen;Sørlandet;1;Diagnostikk og utredninger;57.72;692;120307;Rate;Antall;Innbyggere;2015-2017
8888;5;Vevsprøve av livmorhalsen;Norge;1;Diagnostikk og utredninger;82.49;17497;2121287;Rate;Antall;Innbyggere;2015-2017
1;6;Sterilisering;Finnmark;2;Reproduktiv helse;13.56;20;14951;Rate;Antall;Innbyggere;2015-2017
2;6;Sterilisering;UNN;2;Reproduktiv helse;11.88;44;37938;Rate;Antall;Innbyggere;2015-2017
3;6;Sterilisering;Nordland;2;Reproduktiv helse;15.27;39;26557;Rate;Antall;Innbyggere;2015-2017
4;6;Sterilisering;Helgeland;2;Reproduktiv helse;25;35;14705;Rate;Antall;Innbyggere;2015-2017
5;6;Sterilisering;Nord-Trøndelag;2;Reproduktiv helse;17.27;42;25144;Rate;Antall;Innbyggere;2015-2017
6;6;Sterilisering;St. Olavs;2;Reproduktiv helse;8.86;59;65740;Rate;Antall;Innbyggere;2015-2017
7;6;Sterilisering;Møre og Romsdal;2;Reproduktiv helse;11.91;58;49654;Rate;Antall;Innbyggere;2015-2017
8;6;Sterilisering;Førde;2;Reproduktiv helse;6.32;12;19856;Rate;Antall;Innbyggere;2015-2017
9;6;Sterilisering;Bergen;2;Reproduktiv helse;7.31;68;92671;Rate;Antall;Innbyggere;2015-2017
10;6;Sterilisering;Fonna;2;Reproduktiv helse;10.6;37;34555;Rate;Antall;Innbyggere;2015-2017
11;6;Sterilisering;Stavanger;2;Reproduktiv helse;7.95;63;76854;Rate;Antall;Innbyggere;2015-2017
12;6;Sterilisering;Østfold;2;Reproduktiv helse;12.84;71;58482;Rate;Antall;Innbyggere;2015-2017
13;6;Sterilisering;Akershus;2;Reproduktiv helse;8.79;95;109012;Rate;Antall;Innbyggere;2015-2017
14;6;Sterilisering;OUS;2;Reproduktiv helse;5.57;36;64500;Rate;Antall;Innbyggere;2015-2017
15;6;Sterilisering;Lovisenberg;2;Reproduktiv helse;4.23;15;43585;Rate;Antall;Innbyggere;2015-2017
16;6;Sterilisering;Diakonhjemmet;2;Reproduktiv helse;2.79;9;32820;Rate;Antall;Innbyggere;2015-2017
17;6;Sterilisering;Innlandet;2;Reproduktiv helse;10.55;74;76211;Rate;Antall;Innbyggere;2015-2017
18;6;Sterilisering;Vestre Viken;2;Reproduktiv helse;9.16;90;100152;Rate;Antall;Innbyggere;2015-2017
19;6;Sterilisering;Vestfold;2;Reproduktiv helse;10.63;47;46293;Rate;Antall;Innbyggere;2015-2017
20;6;Sterilisering;Telemark;2;Reproduktiv helse;12.85;41;33561;Rate;Antall;Innbyggere;2015-2017
21;6;Sterilisering;Sørlandet;2;Reproduktiv helse;15.22;89;59607;Rate;Antall;Innbyggere;2015-2017
8888;6;Sterilisering;Norge;2;Reproduktiv helse;9.65;1045;1082848;Rate;Antall;Innbyggere;2015-2017
1;7;Kirurgisk behandling ved spontanabort;Finnmark;2;Reproduktiv helse;9.07;17;19353;Rate;Antall;Innbyggere;2015-2017
2;7;Kirurgisk behandling ved spontanabort;UNN;2;Reproduktiv helse;5.85;28;48925;Rate;Antall;Innbyggere;2015-2017
3;7;Kirurgisk behandling ved spontanabort;Nordland;2;Reproduktiv helse;6.9;23;34418;Rate;Antall;Innbyggere;2015-2017
4;7;Kirurgisk behandling ved spontanabort;Helgeland;2;Reproduktiv helse;11.28;21;19116;Rate;Antall;Innbyggere;2015-2017
5;7;Kirurgisk behandling ved spontanabort;Nord-Trøndelag;2;Reproduktiv helse;10.96;35;33027;Rate;Antall;Innbyggere;2015-2017
6;7;Kirurgisk behandling ved spontanabort;St. Olavs;2;Reproduktiv helse;5.05;43;85176;Rate;Antall;Innbyggere;2015-2017
7;7;Kirurgisk behandling ved spontanabort;Møre og Romsdal;2;Reproduktiv helse;8.14;52;64205;Rate;Antall;Innbyggere;2015-2017
8;7;Kirurgisk behandling ved spontanabort;Førde;2;Reproduktiv helse;16.07;41;26244;Rate;Antall;Innbyggere;2015-2017
9;7;Kirurgisk behandling ved spontanabort;Bergen;2;Reproduktiv helse;9.03;110;119288;Rate;Antall;Innbyggere;2015-2017
10;7;Kirurgisk behandling ved spontanabort;Fonna;2;Reproduktiv helse;5.4;24;44835;Rate;Antall;Innbyggere;2015-2017
11;7;Kirurgisk behandling ved spontanabort;Stavanger;2;Reproduktiv helse;3.13;31;97665;Rate;Antall;Innbyggere;2015-2017
12;7;Kirurgisk behandling ved spontanabort;Østfold;2;Reproduktiv helse;6.97;50;73882;Rate;Antall;Innbyggere;2015-2017
13;7;Kirurgisk behandling ved spontanabort;Akershus;2;Reproduktiv helse;5.28;71;135661;Rate;Antall;Innbyggere;2015-2017
14;7;Kirurgisk behandling ved spontanabort;OUS;2;Reproduktiv helse;5.82;47;78585;Rate;Antall;Innbyggere;2015-2017
15;7;Kirurgisk behandling ved spontanabort;Lovisenberg;2;Reproduktiv helse;7.03;37;52573;Rate;Antall;Innbyggere;2015-2017
16;7;Kirurgisk behandling ved spontanabort;Diakonhjemmet;2;Reproduktiv helse;4.61;19;40362;Rate;Antall;Innbyggere;2015-2017
17;7;Kirurgisk behandling ved spontanabort;Innlandet;2;Reproduktiv helse;4.58;43;97639;Rate;Antall;Innbyggere;2015-2017
18;7;Kirurgisk behandling ved spontanabort;Vestre Viken;2;Reproduktiv helse;6.2;76;125306;Rate;Antall;Innbyggere;2015-2017
19;7;Kirurgisk behandling ved spontanabort;Vestfold;2;Reproduktiv helse;6.81;38;58584;Rate;Antall;Innbyggere;2015-2017
20;7;Kirurgisk behandling ved spontanabort;Telemark;2;Reproduktiv helse;7.87;32;42927;Rate;Antall;Innbyggere;2015-2017
21;7;Kirurgisk behandling ved spontanabort;Sørlandet;2;Reproduktiv helse;5.71;44;77341;Rate;Antall;Innbyggere;2015-2017
8888;7;Kirurgisk behandling ved spontanabort;Norge;2;Reproduktiv helse;6.43;884;1375110;Rate;Antall;Innbyggere;2015-2017
1;8;Andel kirurgisk behandling ved selvbestemt abort;Finnmark;2;Reproduktiv helse;15.49;35;228;Andel(%);Antall kirurgisk behandling;Antall selvbestemt abort;2015-2017
2;8;Andel kirurgisk behandling ved selvbestemt abort;UNN;2;Reproduktiv helse;4.44;23;528;Andel(%);Antall kirurgisk behandling;Antall selvbestemt abort;2015-2017
3;8;Andel kirurgisk behandling ved selvbestemt abort;Nordland;2;Reproduktiv helse;10.22;36;353;Andel(%);Antall kirurgisk behandling;Antall selvbestemt abort;2015-2017
4;8;Andel kirurgisk behandling ved selvbestemt abort;Helgeland;2;Reproduktiv helse;14.32;28;199;Andel(%);Antall kirurgisk behandling;Antall selvbestemt abort;2015-2017
5;8;Andel kirurgisk behandling ved selvbestemt abort;Nord-Trøndelag;2;Reproduktiv helse;12.48;34;278;Andel(%);Antall kirurgisk behandling;Antall selvbestemt abort;2015-2017
6;8;Andel kirurgisk behandling ved selvbestemt abort;St. Olavs;2;Reproduktiv helse;2.92;21;714;Andel(%);Antall kirurgisk behandling;Antall selvbestemt abort;2015-2017
7;8;Andel kirurgisk behandling ved selvbestemt abort;Møre og Romsdal;2;Reproduktiv helse;8.65;39;456;Andel(%);Antall kirurgisk behandling;Antall selvbestemt abort;2015-2017
8;8;Andel kirurgisk behandling ved selvbestemt abort;Førde;2;Reproduktiv helse;13.82;27;194;Andel(%);Antall kirurgisk behandling;Antall selvbestemt abort;2015-2017
9;8;Andel kirurgisk behandling ved selvbestemt abort;Bergen;2;Reproduktiv helse;3.92;39;1002;Andel(%);Antall kirurgisk behandling;Antall selvbestemt abort;2015-2017
10;8;Andel kirurgisk behandling ved selvbestemt abort;Fonna;2;Reproduktiv helse;5.05;15;304;Andel(%);Antall kirurgisk behandling;Antall selvbestemt abort;2015-2017
11;8;Andel kirurgisk behandling ved selvbestemt abort;Stavanger;2;Reproduktiv helse;1.87;14;730;Andel(%);Antall kirurgisk behandling;Antall selvbestemt abort;2015-2017
12;8;Andel kirurgisk behandling ved selvbestemt abort;Østfold;2;Reproduktiv helse;31.39;212;677;Andel(%);Antall kirurgisk behandling;Antall selvbestemt abort;2015-2017
13;8;Andel kirurgisk behandling ved selvbestemt abort;Akershus;2;Reproduktiv helse;18.18;252;1382;Andel(%);Antall kirurgisk behandling;Antall selvbestemt abort;2015-2017
14;8;Andel kirurgisk behandling ved selvbestemt abort;OUS;2;Reproduktiv helse;20.22;172;857;Andel(%);Antall kirurgisk behandling;Antall selvbestemt abort;2015-2017
15;8;Andel kirurgisk behandling ved selvbestemt abort;Lovisenberg;2;Reproduktiv helse;22.48;191;857;Andel(%);Antall kirurgisk behandling;Antall selvbestemt abort;2015-2017
16;8;Andel kirurgisk behandling ved selvbestemt abort;Diakonhjemmet;2;Reproduktiv helse;22.35;105;471;Andel(%);Antall kirurgisk behandling;Antall selvbestemt abort;2015-2017
17;8;Andel kirurgisk behandling ved selvbestemt abort;Innlandet;2;Reproduktiv helse;9.77;84;855;Andel(%);Antall kirurgisk behandling;Antall selvbestemt abort;2015-2017
18;8;Andel kirurgisk behandling ved selvbestemt abort;Vestre Viken;2;Reproduktiv helse;5.63;58;1022;Andel(%);Antall kirurgisk behandling;Antall selvbestemt abort;2015-2017
19;8;Andel kirurgisk behandling ved selvbestemt abort;Vestfold;2;Reproduktiv helse;17.81;93;518;Andel(%);Antall kirurgisk behandling;Antall selvbestemt abort;2015-2017
20;8;Andel kirurgisk behandling ved selvbestemt abort;Telemark;2;Reproduktiv helse;13.89;52;378;Andel(%);Antall kirurgisk behandling;Antall selvbestemt abort;2015-2017
21;8;Andel kirurgisk behandling ved selvbestemt abort;Sørlandet;2;Reproduktiv helse;8.16;44;546;Andel(%);Antall kirurgisk behandling;Antall selvbestemt abort;2015-2017
8888;8;Andel kirurgisk behandling ved selvbestemt abort;Norge;2;Reproduktiv helse;12.55;1575;12550;Andel(%);Antall kirurgisk behandling;Antall selvbestemt abort;2015-2017
1;9;Prøverørsbehandling;Finnmark;2;Reproduktiv helse;20.41;38;19353;Rate;Antall;Innbyggere;2015-2017
2;9;Prøverørsbehandling;UNN;2;Reproduktiv helse;21.44;103;48925;Rate;Antall;Innbyggere;2015-2017
3;9;Prøverørsbehandling;Nordland;2;Reproduktiv helse;17.68;60;34418;Rate;Antall;Innbyggere;2015-2017
4;9;Prøverørsbehandling;Helgeland;2;Reproduktiv helse;21.91;39;19116;Rate;Antall;Innbyggere;2015-2017
5;9;Prøverørsbehandling;Nord-Trøndelag;2;Reproduktiv helse;23.33;75;33027;Rate;Antall;Innbyggere;2015-2017
6;9;Prøverørsbehandling;St. Olavs;2;Reproduktiv helse;29.96;257;85176;Rate;Antall;Innbyggere;2015-2017
7;9;Prøverørsbehandling;Møre og Romsdal;2;Reproduktiv helse;28;178;64205;Rate;Antall;Innbyggere;2015-2017
8;9;Prøverørsbehandling;Førde;2;Reproduktiv helse;20.45;53;26244;Rate;Antall;Innbyggere;2015-2017
9;9;Prøverørsbehandling;Bergen;2;Reproduktiv helse;26.16;315;119288;Rate;Antall;Innbyggere;2015-2017
10;9;Prøverørsbehandling;Fonna;2;Reproduktiv helse;29.94;134;44835;Rate;Antall;Innbyggere;2015-2017
11;9;Prøverørsbehandling;Stavanger;2;Reproduktiv helse;32.66;327;97665;Rate;Antall;Innbyggere;2015-2017
12;9;Prøverørsbehandling;Østfold;2;Reproduktiv helse;28.03;200;73882;Rate;Antall;Innbyggere;2015-2017
13;9;Prøverørsbehandling;Akershus;2;Reproduktiv helse;25.54;346;135661;Rate;Antall;Innbyggere;2015-2017
14;9;Prøverørsbehandling;OUS;2;Reproduktiv helse;33.93;276;78585;Rate;Antall;Innbyggere;2015-2017
15;9;Prøverørsbehandling;Lovisenberg;2;Reproduktiv helse;43.71;221;52573;Rate;Antall;Innbyggere;2015-2017
16;9;Prøverørsbehandling;Diakonhjemmet;2;Reproduktiv helse;32.75;133;40362;Rate;Antall;Innbyggere;2015-2017
17;9;Prøverørsbehandling;Innlandet;2;Reproduktiv helse;22.52;208;97639;Rate;Antall;Innbyggere;2015-2017
18;9;Prøverørsbehandling;Vestre Viken;2;Reproduktiv helse;26.56;330;125306;Rate;Antall;Innbyggere;2015-2017
19;9;Prøverørsbehandling;Vestfold;2;Reproduktiv helse;28.76;162;58584;Rate;Antall;Innbyggere;2015-2017
20;9;Prøverørsbehandling;Telemark;2;Reproduktiv helse;30.16;123;42927;Rate;Antall;Innbyggere;2015-2017
21;9;Prøverørsbehandling;Sørlandet;2;Reproduktiv helse;27.91;214;77341;Rate;Antall;Innbyggere;2015-2017
8888;9;Prøverørsbehandling;Norge;2;Reproduktiv helse;27.58;3793;1375110;Rate;Antall;Innbyggere;2015-2017
1;10;Endometriose;Finnmark;3;Kirurgisk behandling av gynekologiske tilstander;7.83;15;19353;Rate;Antall;Innbyggere;2015-2017
2;10;Endometriose;UNN;3;Kirurgisk behandling av gynekologiske tilstander;5.49;27;48925;Rate;Antall;Innbyggere;2015-2017
3;10;Endometriose;Nordland;3;Kirurgisk behandling av gynekologiske tilstander;6.46;22;34418;Rate;Antall;Innbyggere;2015-2017
4;10;Endometriose;Helgeland;3;Kirurgisk behandling av gynekologiske tilstander;13.62;26;19116;Rate;Antall;Innbyggere;2015-2017
5;10;Endometriose;Nord-Trøndelag;3;Kirurgisk behandling av gynekologiske tilstander;3.54;12;33027;Rate;Antall;Innbyggere;2015-2017
6;10;Endometriose;St. Olavs;3;Kirurgisk behandling av gynekologiske tilstander;5.11;43;85176;Rate;Antall;Innbyggere;2015-2017
7;10;Endometriose;Møre og Romsdal;3;Kirurgisk behandling av gynekologiske tilstander;6.06;39;64205;Rate;Antall;Innbyggere;2015-2017
8;10;Endometriose;Førde;3;Kirurgisk behandling av gynekologiske tilstander;4.07;11;26244;Rate;Antall;Innbyggere;2015-2017
9;10;Endometriose;Bergen;3;Kirurgisk behandling av gynekologiske tilstander;6.84;81;119288;Rate;Antall;Innbyggere;2015-2017
10;10;Endometriose;Fonna;3;Kirurgisk behandling av gynekologiske tilstander;5.35;24;44835;Rate;Antall;Innbyggere;2015-2017
11;10;Endometriose;Stavanger;3;Kirurgisk behandling av gynekologiske tilstander;7.98;78;97665;Rate;Antall;Innbyggere;2015-2017
12;10;Endometriose;Østfold;3;Kirurgisk behandling av gynekologiske tilstander;10.35;75;73882;Rate;Antall;Innbyggere;2015-2017
13;10;Endometriose;Akershus;3;Kirurgisk behandling av gynekologiske tilstander;8.73;118;135661;Rate;Antall;Innbyggere;2015-2017
14;10;Endometriose;OUS;3;Kirurgisk behandling av gynekologiske tilstander;11.91;97;78585;Rate;Antall;Innbyggere;2015-2017
15;10;Endometriose;Lovisenberg;3;Kirurgisk behandling av gynekologiske tilstander;14.61;79;52573;Rate;Antall;Innbyggere;2015-2017
16;10;Endometriose;Diakonhjemmet;3;Kirurgisk behandling av gynekologiske tilstander;11.63;47;40362;Rate;Antall;Innbyggere;2015-2017
17;10;Endometriose;Innlandet;3;Kirurgisk behandling av gynekologiske tilstander;8.27;81;97639;Rate;Antall;Innbyggere;2015-2017
18;10;Endometriose;Vestre Viken;3;Kirurgisk behandling av gynekologiske tilstander;11.42;142;125306;Rate;Antall;Innbyggere;2015-2017
19;10;Endometriose;Vestfold;3;Kirurgisk behandling av gynekologiske tilstander;11.71;68;58584;Rate;Antall;Innbyggere;2015-2017
20;10;Endometriose;Telemark;3;Kirurgisk behandling av gynekologiske tilstander;11.52;49;42927;Rate;Antall;Innbyggere;2015-2017
21;10;Endometriose;Sørlandet;3;Kirurgisk behandling av gynekologiske tilstander;6.74;52;77341;Rate;Antall;Innbyggere;2015-2017
8888;10;Endometriose;Norge;3;Kirurgisk behandling av gynekologiske tilstander;8.63;1186;1375110;Rate;Antall;Innbyggere;2015-2017
1;11;Muskelknuter i livmor (myomer);Finnmark;3;Kirurgisk behandling av gynekologiske tilstander;11.14;34;30108;Rate;Antall;Innbyggere;2015-2017
2;11;Muskelknuter i livmor (myomer);UNN;3;Kirurgisk behandling av gynekologiske tilstander;11.21;86;77413;Rate;Antall;Innbyggere;2015-2017
3;11;Muskelknuter i livmor (myomer);Nordland;3;Kirurgisk behandling av gynekologiske tilstander;9.85;55;56144;Rate;Antall;Innbyggere;2015-2017
4;11;Muskelknuter i livmor (myomer);Helgeland;3;Kirurgisk behandling av gynekologiske tilstander;11.27;35;31821;Rate;Antall;Innbyggere;2015-2017
5;11;Muskelknuter i livmor (myomer);Nord-Trøndelag;3;Kirurgisk behandling av gynekologiske tilstander;9.13;49;54518;Rate;Antall;Innbyggere;2015-2017
6;11;Muskelknuter i livmor (myomer);St. Olavs;3;Kirurgisk behandling av gynekologiske tilstander;8.77;112;128837;Rate;Antall;Innbyggere;2015-2017
7;11;Muskelknuter i livmor (myomer);Møre og Romsdal;3;Kirurgisk behandling av gynekologiske tilstander;9.26;97;104957;Rate;Antall;Innbyggere;2015-2017
8;11;Muskelknuter i livmor (myomer);Førde;3;Kirurgisk behandling av gynekologiske tilstander;7.15;31;43540;Rate;Antall;Innbyggere;2015-2017
9;11;Muskelknuter i livmor (myomer);Bergen;3;Kirurgisk behandling av gynekologiske tilstander;6.13;109;178531;Rate;Antall;Innbyggere;2015-2017
10;11;Muskelknuter i livmor (myomer);Fonna;3;Kirurgisk behandling av gynekologiske tilstander;9.7;69;70749;Rate;Antall;Innbyggere;2015-2017
11;11;Muskelknuter i livmor (myomer);Stavanger;3;Kirurgisk behandling av gynekologiske tilstander;10.51;147;140197;Rate;Antall;Innbyggere;2015-2017
12;11;Muskelknuter i livmor (myomer);Østfold;3;Kirurgisk behandling av gynekologiske tilstander;9.76;118;119927;Rate;Antall;Innbyggere;2015-2017
13;11;Muskelknuter i livmor (myomer);Akershus;3;Kirurgisk behandling av gynekologiske tilstander;9.15;191;201911;Rate;Antall;Innbyggere;2015-2017
14;11;Muskelknuter i livmor (myomer);OUS;3;Kirurgisk behandling av gynekologiske tilstander;10.61;117;109435;Rate;Antall;Innbyggere;2015-2017
15;11;Muskelknuter i livmor (myomer);Lovisenberg;3;Kirurgisk behandling av gynekologiske tilstander;11.49;63;62639;Rate;Antall;Innbyggere;2015-2017
16;11;Muskelknuter i livmor (myomer);Diakonhjemmet;3;Kirurgisk behandling av gynekologiske tilstander;10.24;58;59811;Rate;Antall;Innbyggere;2015-2017
17;11;Muskelknuter i livmor (myomer);Innlandet;3;Kirurgisk behandling av gynekologiske tilstander;11.92;199;166569;Rate;Antall;Innbyggere;2015-2017
18;11;Muskelknuter i livmor (myomer);Vestre Viken;3;Kirurgisk behandling av gynekologiske tilstander;12.06;241;196644;Rate;Antall;Innbyggere;2015-2017
19;11;Muskelknuter i livmor (myomer);Vestfold;3;Kirurgisk behandling av gynekologiske tilstander;8.67;83;95564;Rate;Antall;Innbyggere;2015-2017
20;11;Muskelknuter i livmor (myomer);Telemark;3;Kirurgisk behandling av gynekologiske tilstander;11.17;79;71665;Rate;Antall;Innbyggere;2015-2017
21;11;Muskelknuter i livmor (myomer);Sørlandet;3;Kirurgisk behandling av gynekologiske tilstander;10.05;120;120307;Rate;Antall;Innbyggere;2015-2017
8888;11;Muskelknuter i livmor (myomer);Norge;3;Kirurgisk behandling av gynekologiske tilstander;9.87;2093;2121287;Rate;Antall;Innbyggere;2015-2017
1;12;Kraftige og/eller hyppige blødninger;Finnmark;3;Kirurgisk behandling av gynekologiske tilstander;26.12;52;19353;Rate;Antall;Innbyggere;2015-2017
2;12;Kraftige og/eller hyppige blødninger;UNN;3;Kirurgisk behandling av gynekologiske tilstander;21.85;108;48925;Rate;Antall;Innbyggere;2015-2017
3;12;Kraftige og/eller hyppige blødninger;Nordland;3;Kirurgisk behandling av gynekologiske tilstander;22.69;79;34418;Rate;Antall;Innbyggere;2015-2017
4;12;Kraftige og/eller hyppige blødninger;Helgeland;3;Kirurgisk behandling av gynekologiske tilstander;27.34;54;19116;Rate;Antall;Innbyggere;2015-2017
5;12;Kraftige og/eller hyppige blødninger;Nord-Trøndelag;3;Kirurgisk behandling av gynekologiske tilstander;32.84;110;33027;Rate;Antall;Innbyggere;2015-2017
6;12;Kraftige og/eller hyppige blødninger;St. Olavs;3;Kirurgisk behandling av gynekologiske tilstander;18.17;151;85176;Rate;Antall;Innbyggere;2015-2017
7;12;Kraftige og/eller hyppige blødninger;Møre og Romsdal;3;Kirurgisk behandling av gynekologiske tilstander;25.24;164;64205;Rate;Antall;Innbyggere;2015-2017
8;12;Kraftige og/eller hyppige blødninger;Førde;3;Kirurgisk behandling av gynekologiske tilstander;15.26;41;26244;Rate;Antall;Innbyggere;2015-2017
9;12;Kraftige og/eller hyppige blødninger;Bergen;3;Kirurgisk behandling av gynekologiske tilstander;18.38;211;119288;Rate;Antall;Innbyggere;2015-2017
10;12;Kraftige og/eller hyppige blødninger;Fonna;3;Kirurgisk behandling av gynekologiske tilstander;26.85;120;44835;Rate;Antall;Innbyggere;2015-2017
11;12;Kraftige og/eller hyppige blødninger;Stavanger;3;Kirurgisk behandling av gynekologiske tilstander;14.72;140;97665;Rate;Antall;Innbyggere;2015-2017
12;12;Kraftige og/eller hyppige blødninger;Østfold;3;Kirurgisk behandling av gynekologiske tilstander;20.54;158;73882;Rate;Antall;Innbyggere;2015-2017
13;12;Kraftige og/eller hyppige blødninger;Akershus;3;Kirurgisk behandling av gynekologiske tilstander;15.79;221;135661;Rate;Antall;Innbyggere;2015-2017
14;12;Kraftige og/eller hyppige blødninger;OUS;3;Kirurgisk behandling av gynekologiske tilstander;8.76;65;78585;Rate;Antall;Innbyggere;2015-2017
15;12;Kraftige og/eller hyppige blødninger;Lovisenberg;3;Kirurgisk behandling av gynekologiske tilstander;7.49;26;52573;Rate;Antall;Innbyggere;2015-2017
16;12;Kraftige og/eller hyppige blødninger;Diakonhjemmet;3;Kirurgisk behandling av gynekologiske tilstander;7.41;27;40362;Rate;Antall;Innbyggere;2015-2017
17;12;Kraftige og/eller hyppige blødninger;Innlandet;3;Kirurgisk behandling av gynekologiske tilstander;28.05;289;97639;Rate;Antall;Innbyggere;2015-2017
18;12;Kraftige og/eller hyppige blødninger;Vestre Viken;3;Kirurgisk behandling av gynekologiske tilstander;19.52;253;125306;Rate;Antall;Innbyggere;2015-2017
19;12;Kraftige og/eller hyppige blødninger;Vestfold;3;Kirurgisk behandling av gynekologiske tilstander;21.74;132;58584;Rate;Antall;Innbyggere;2015-2017
20;12;Kraftige og/eller hyppige blødninger;Telemark;3;Kirurgisk behandling av gynekologiske tilstander;32.89;146;42927;Rate;Antall;Innbyggere;2015-2017
21;12;Kraftige og/eller hyppige blødninger;Sørlandet;3;Kirurgisk behandling av gynekologiske tilstander;28.25;219;77341;Rate;Antall;Innbyggere;2015-2017
8888;12;Kraftige og/eller hyppige blødninger;Norge;3;Kirurgisk behandling av gynekologiske tilstander;20.11;2765;1375110;Rate;Antall;Innbyggere;2015-2017
1;13;Hysterektomi;Finnmark;3;Kirurgisk behandling av gynekologiske tilstander;23.27;71;30108;Rate;Antall;Innbyggere;2015-2017
2;13;Hysterektomi;UNN;3;Kirurgisk behandling av gynekologiske tilstander;17.14;133;77413;Rate;Antall;Innbyggere;2015-2017
3;13;Hysterektomi;Nordland;3;Kirurgisk behandling av gynekologiske tilstander;19.37;109;56144;Rate;Antall;Innbyggere;2015-2017
4;13;Hysterektomi;Helgeland;3;Kirurgisk behandling av gynekologiske tilstander;26.38;85;31821;Rate;Antall;Innbyggere;2015-2017
5;13;Hysterektomi;Nord-Trøndelag;3;Kirurgisk behandling av gynekologiske tilstander;26.21;143;54518;Rate;Antall;Innbyggere;2015-2017
6;13;Hysterektomi;St. Olavs;3;Kirurgisk behandling av gynekologiske tilstander;13.9;177;128837;Rate;Antall;Innbyggere;2015-2017
7;13;Hysterektomi;Møre og Romsdal;3;Kirurgisk behandling av gynekologiske tilstander;21.85;229;104957;Rate;Antall;Innbyggere;2015-2017
8;13;Hysterektomi;Førde;3;Kirurgisk behandling av gynekologiske tilstander;13.5;59;43540;Rate;Antall;Innbyggere;2015-2017
9;13;Hysterektomi;Bergen;3;Kirurgisk behandling av gynekologiske tilstander;11.66;206;178531;Rate;Antall;Innbyggere;2015-2017
10;13;Hysterektomi;Fonna;3;Kirurgisk behandling av gynekologiske tilstander;17.29;122;70749;Rate;Antall;Innbyggere;2015-2017
11;13;Hysterektomi;Stavanger;3;Kirurgisk behandling av gynekologiske tilstander;11.87;163;140197;Rate;Antall;Innbyggere;2015-2017
12;13;Hysterektomi;Østfold;3;Kirurgisk behandling av gynekologiske tilstander;16.43;198;119927;Rate;Antall;Innbyggere;2015-2017
13;13;Hysterektomi;Akershus;3;Kirurgisk behandling av gynekologiske tilstander;13.99;290;201911;Rate;Antall;Innbyggere;2015-2017
14;13;Hysterektomi;OUS;3;Kirurgisk behandling av gynekologiske tilstander;11.69;125;109435;Rate;Antall;Innbyggere;2015-2017
15;13;Hysterektomi;Lovisenberg;3;Kirurgisk behandling av gynekologiske tilstander;10.97;54;62639;Rate;Antall;Innbyggere;2015-2017
16;13;Hysterektomi;Diakonhjemmet;3;Kirurgisk behandling av gynekologiske tilstander;10.9;61;59811;Rate;Antall;Innbyggere;2015-2017
17;13;Hysterektomi;Innlandet;3;Kirurgisk behandling av gynekologiske tilstander;21.88;367;166569;Rate;Antall;Innbyggere;2015-2017
18;13;Hysterektomi;Vestre Viken;3;Kirurgisk behandling av gynekologiske tilstander;21.4;427;196644;Rate;Antall;Innbyggere;2015-2017
19;13;Hysterektomi;Vestfold;3;Kirurgisk behandling av gynekologiske tilstander;13.75;131;95564;Rate;Antall;Innbyggere;2015-2017
20;13;Hysterektomi;Telemark;3;Kirurgisk behandling av gynekologiske tilstander;22.06;157;71665;Rate;Antall;Innbyggere;2015-2017
21;13;Hysterektomi;Sørlandet;3;Kirurgisk behandling av gynekologiske tilstander;16.87;202;120307;Rate;Antall;Innbyggere;2015-2017
8888;13;Hysterektomi;Norge;3;Kirurgisk behandling av gynekologiske tilstander;16.55;3509;2121287;Rate;Antall;Innbyggere;2015-2017
1;14;Hysterektomi, andel åpne inngrep;Finnmark;3;Kirurgisk behandling av gynekologiske tilstander;36.95;26;71;Andel(%);Antall åpne inngrep;Antall hysterektomi;2015-2017
2;14;Hysterektomi, andel åpne inngrep;UNN;3;Kirurgisk behandling av gynekologiske tilstander;40.22;53;133;Andel(%);Antall åpne inngrep;Antall hysterektomi;2015-2017
3;14;Hysterektomi, andel åpne inngrep;Nordland;3;Kirurgisk behandling av gynekologiske tilstander;21.4;23;109;Andel(%);Antall åpne inngrep;Antall hysterektomi;2015-2017
4;14;Hysterektomi, andel åpne inngrep;Helgeland;3;Kirurgisk behandling av gynekologiske tilstander;26.17;22;85;Andel(%);Antall åpne inngrep;Antall hysterektomi;2015-2017
5;14;Hysterektomi, andel åpne inngrep;Nord-Trøndelag;3;Kirurgisk behandling av gynekologiske tilstander;34.96;50;143;Andel(%);Antall åpne inngrep;Antall hysterektomi;2015-2017
6;14;Hysterektomi, andel åpne inngrep;St. Olavs;3;Kirurgisk behandling av gynekologiske tilstander;39.23;69;177;Andel(%);Antall åpne inngrep;Antall hysterektomi;2015-2017
7;14;Hysterektomi, andel åpne inngrep;Møre og Romsdal;3;Kirurgisk behandling av gynekologiske tilstander;33.01;75;229;Andel(%);Antall åpne inngrep;Antall hysterektomi;2015-2017
8;14;Hysterektomi, andel åpne inngrep;Førde;3;Kirurgisk behandling av gynekologiske tilstander;40.67;24;59;Andel(%);Antall åpne inngrep;Antall hysterektomi;2015-2017
9;14;Hysterektomi, andel åpne inngrep;Bergen;3;Kirurgisk behandling av gynekologiske tilstander;13.92;29;206;Andel(%);Antall åpne inngrep;Antall hysterektomi;2015-2017
10;14;Hysterektomi, andel åpne inngrep;Fonna;3;Kirurgisk behandling av gynekologiske tilstander;18.02;22;122;Andel(%);Antall åpne inngrep;Antall hysterektomi;2015-2017
11;14;Hysterektomi, andel åpne inngrep;Stavanger;3;Kirurgisk behandling av gynekologiske tilstander;25.44;41;163;Andel(%);Antall åpne inngrep;Antall hysterektomi;2015-2017
12;14;Hysterektomi, andel åpne inngrep;Østfold;3;Kirurgisk behandling av gynekologiske tilstander;34.56;69;198;Andel(%);Antall åpne inngrep;Antall hysterektomi;2015-2017
13;14;Hysterektomi, andel åpne inngrep;Akershus;3;Kirurgisk behandling av gynekologiske tilstander;34.46;101;290;Andel(%);Antall åpne inngrep;Antall hysterektomi;2015-2017
14;14;Hysterektomi, andel åpne inngrep;OUS;3;Kirurgisk behandling av gynekologiske tilstander;28.38;35;125;Andel(%);Antall åpne inngrep;Antall hysterektomi;2015-2017
15;14;Hysterektomi, andel åpne inngrep;Lovisenberg;3;Kirurgisk behandling av gynekologiske tilstander;22.71;14;54;Andel(%);Antall åpne inngrep;Antall hysterektomi;2015-2017
16;14;Hysterektomi, andel åpne inngrep;Diakonhjemmet;3;Kirurgisk behandling av gynekologiske tilstander;24.28;15;61;Andel(%);Antall åpne inngrep;Antall hysterektomi;2015-2017
17;14;Hysterektomi, andel åpne inngrep;Innlandet;3;Kirurgisk behandling av gynekologiske tilstander;16.75;62;367;Andel(%);Antall åpne inngrep;Antall hysterektomi;2015-2017
18;14;Hysterektomi, andel åpne inngrep;Vestre Viken;3;Kirurgisk behandling av gynekologiske tilstander;16.86;72;427;Andel(%);Antall åpne inngrep;Antall hysterektomi;2015-2017
19;14;Hysterektomi, andel åpne inngrep;Vestfold;3;Kirurgisk behandling av gynekologiske tilstander;13.88;19;131;Andel(%);Antall åpne inngrep;Antall hysterektomi;2015-2017
20;14;Hysterektomi, andel åpne inngrep;Telemark;3;Kirurgisk behandling av gynekologiske tilstander;19.48;31;157;Andel(%);Antall åpne inngrep;Antall hysterektomi;2015-2017
21;14;Hysterektomi, andel åpne inngrep;Sørlandet;3;Kirurgisk behandling av gynekologiske tilstander;29.53;60;202;Andel(%);Antall åpne inngrep;Antall hysterektomi;2015-2017
8888;14;Hysterektomi, andel åpne inngrep;Norge;3;Kirurgisk behandling av gynekologiske tilstander;26.02;913;3509;Andel(%);Antall åpne inngrep;Antall hysterektomi;2015-2017
1;15;Transcervikale inngrep;Finnmark;3;Kirurgisk behandling av gynekologiske tilstander;16.71;51;30108;Rate;Antall;Innbyggere;2015-2017
2;15;Transcervikale inngrep;UNN;3;Kirurgisk behandling av gynekologiske tilstander;17.75;137;77413;Rate;Antall;Innbyggere;2015-2017
3;15;Transcervikale inngrep;Nordland;3;Kirurgisk behandling av gynekologiske tilstander;16.01;90;56144;Rate;Antall;Innbyggere;2015-2017
4;15;Transcervikale inngrep;Helgeland;3;Kirurgisk behandling av gynekologiske tilstander;14.4;45;31821;Rate;Antall;Innbyggere;2015-2017
5;15;Transcervikale inngrep;Nord-Trøndelag;3;Kirurgisk behandling av gynekologiske tilstander;17.14;92;54518;Rate;Antall;Innbyggere;2015-2017
6;15;Transcervikale inngrep;St. Olavs;3;Kirurgisk behandling av gynekologiske tilstander;25.73;326;128837;Rate;Antall;Innbyggere;2015-2017
7;15;Transcervikale inngrep;Møre og Romsdal;3;Kirurgisk behandling av gynekologiske tilstander;16.75;175;104957;Rate;Antall;Innbyggere;2015-2017
8;15;Transcervikale inngrep;Førde;3;Kirurgisk behandling av gynekologiske tilstander;12.57;54;43540;Rate;Antall;Innbyggere;2015-2017
9;15;Transcervikale inngrep;Bergen;3;Kirurgisk behandling av gynekologiske tilstander;11.69;208;178531;Rate;Antall;Innbyggere;2015-2017
10;15;Transcervikale inngrep;Fonna;3;Kirurgisk behandling av gynekologiske tilstander;23.98;168;70749;Rate;Antall;Innbyggere;2015-2017
11;15;Transcervikale inngrep;Stavanger;3;Kirurgisk behandling av gynekologiske tilstander;17.08;242;140197;Rate;Antall;Innbyggere;2015-2017
12;15;Transcervikale inngrep;Østfold;3;Kirurgisk behandling av gynekologiske tilstander;18.82;230;119927;Rate;Antall;Innbyggere;2015-2017
13;15;Transcervikale inngrep;Akershus;3;Kirurgisk behandling av gynekologiske tilstander;13.9;286;201911;Rate;Antall;Innbyggere;2015-2017
14;15;Transcervikale inngrep;OUS;3;Kirurgisk behandling av gynekologiske tilstander;18.33;199;109435;Rate;Antall;Innbyggere;2015-2017
15;15;Transcervikale inngrep;Lovisenberg;3;Kirurgisk behandling av gynekologiske tilstander;17.56;99;62639;Rate;Antall;Innbyggere;2015-2017
16;15;Transcervikale inngrep;Diakonhjemmet;3;Kirurgisk behandling av gynekologiske tilstander;18.2;105;59811;Rate;Antall;Innbyggere;2015-2017
17;15;Transcervikale inngrep;Innlandet;3;Kirurgisk behandling av gynekologiske tilstander;19.86;336;166569;Rate;Antall;Innbyggere;2015-2017
18;15;Transcervikale inngrep;Vestre Viken;3;Kirurgisk behandling av gynekologiske tilstander;23.78;475;196644;Rate;Antall;Innbyggere;2015-2017
19;15;Transcervikale inngrep;Vestfold;3;Kirurgisk behandling av gynekologiske tilstander;17.94;172;95564;Rate;Antall;Innbyggere;2015-2017
20;15;Transcervikale inngrep;Telemark;3;Kirurgisk behandling av gynekologiske tilstander;21.52;153;71665;Rate;Antall;Innbyggere;2015-2017
21;15;Transcervikale inngrep;Sørlandet;3;Kirurgisk behandling av gynekologiske tilstander;18.89;227;120307;Rate;Antall;Innbyggere;2015-2017
8888;15;Transcervikale inngrep;Norge;3;Kirurgisk behandling av gynekologiske tilstander;18.25;3871;2121287;Rate;Antall;Innbyggere;2015-2017
1;16;Skjede- og livmorfremfall;Finnmark;4;Kirurgisk behandling av fremfall og inkontinens;33.92;102;30108;Rate;Antall;Innbyggere;2015-2017
2;16;Skjede- og livmorfremfall;UNN;4;Kirurgisk behandling av fremfall og inkontinens;26.26;208;77413;Rate;Antall;Innbyggere;2015-2017
3;16;Skjede- og livmorfremfall;Nordland;4;Kirurgisk behandling av fremfall og inkontinens;20.7;122;56144;Rate;Antall;Innbyggere;2015-2017
4;16;Skjede- og livmorfremfall;Helgeland;4;Kirurgisk behandling av fremfall og inkontinens;24.7;84;31821;Rate;Antall;Innbyggere;2015-2017
5;16;Skjede- og livmorfremfall;Nord-Trøndelag;4;Kirurgisk behandling av fremfall og inkontinens;27;157;54518;Rate;Antall;Innbyggere;2015-2017
6;16;Skjede- og livmorfremfall;St. Olavs;4;Kirurgisk behandling av fremfall og inkontinens;13.17;166;128837;Rate;Antall;Innbyggere;2015-2017
7;16;Skjede- og livmorfremfall;Møre og Romsdal;4;Kirurgisk behandling av fremfall og inkontinens;20.34;226;104957;Rate;Antall;Innbyggere;2015-2017
8;16;Skjede- og livmorfremfall;Førde;4;Kirurgisk behandling av fremfall og inkontinens;19.01;87;43540;Rate;Antall;Innbyggere;2015-2017
9;16;Skjede- og livmorfremfall;Bergen;4;Kirurgisk behandling av fremfall og inkontinens;19.92;346;178531;Rate;Antall;Innbyggere;2015-2017
10;16;Skjede- og livmorfremfall;Fonna;4;Kirurgisk behandling av fremfall og inkontinens;26.94;194;70749;Rate;Antall;Innbyggere;2015-2017
11;16;Skjede- og livmorfremfall;Stavanger;4;Kirurgisk behandling av fremfall og inkontinens;22.73;301;140197;Rate;Antall;Innbyggere;2015-2017
12;16;Skjede- og livmorfremfall;Østfold;4;Kirurgisk behandling av fremfall og inkontinens;18.72;234;119927;Rate;Antall;Innbyggere;2015-2017
13;16;Skjede- og livmorfremfall;Akershus;4;Kirurgisk behandling av fremfall og inkontinens;14.36;281;201911;Rate;Antall;Innbyggere;2015-2017
14;16;Skjede- og livmorfremfall;OUS;4;Kirurgisk behandling av fremfall og inkontinens;13.08;126;109435;Rate;Antall;Innbyggere;2015-2017
15;16;Skjede- og livmorfremfall;Lovisenberg;4;Kirurgisk behandling av fremfall og inkontinens;9.36;34;62639;Rate;Antall;Innbyggere;2015-2017
16;16;Skjede- og livmorfremfall;Diakonhjemmet;4;Kirurgisk behandling av fremfall og inkontinens;9.52;54;59811;Rate;Antall;Innbyggere;2015-2017
17;16;Skjede- og livmorfremfall;Innlandet;4;Kirurgisk behandling av fremfall og inkontinens;23.74;428;166569;Rate;Antall;Innbyggere;2015-2017
18;16;Skjede- og livmorfremfall;Vestre Viken;4;Kirurgisk behandling av fremfall og inkontinens;18.28;365;196644;Rate;Antall;Innbyggere;2015-2017
19;16;Skjede- og livmorfremfall;Vestfold;4;Kirurgisk behandling av fremfall og inkontinens;13.91;141;95564;Rate;Antall;Innbyggere;2015-2017
20;16;Skjede- og livmorfremfall;Telemark;4;Kirurgisk behandling av fremfall og inkontinens;22.05;170;71665;Rate;Antall;Innbyggere;2015-2017
21;16;Skjede- og livmorfremfall;Sørlandet;4;Kirurgisk behandling av fremfall og inkontinens;19.28;234;120307;Rate;Antall;Innbyggere;2015-2017
8888;16;Skjede- og livmorfremfall;Norge;4;Kirurgisk behandling av fremfall og inkontinens;19.13;4059;2121287;Rate;Antall;Innbyggere;2015-2017
1;17;Urininkontinens;Finnmark;4;Kirurgisk behandling av fremfall og inkontinens;32.34;99;30108;Rate;Antall;Innbyggere;2015-2017
2;17;Urininkontinens;UNN;4;Kirurgisk behandling av fremfall og inkontinens;17.91;139;77413;Rate;Antall;Innbyggere;2015-2017
3;17;Urininkontinens;Nordland;4;Kirurgisk behandling av fremfall og inkontinens;13.04;74;56144;Rate;Antall;Innbyggere;2015-2017
4;17;Urininkontinens;Helgeland;4;Kirurgisk behandling av fremfall og inkontinens;13.57;44;31821;Rate;Antall;Innbyggere;2015-2017
5;17;Urininkontinens;Nord-Trøndelag;4;Kirurgisk behandling av fremfall og inkontinens;26.49;145;54518;Rate;Antall;Innbyggere;2015-2017
6;17;Urininkontinens;St. Olavs;4;Kirurgisk behandling av fremfall og inkontinens;15.36;195;128837;Rate;Antall;Innbyggere;2015-2017
7;17;Urininkontinens;Møre og Romsdal;4;Kirurgisk behandling av fremfall og inkontinens;10.2;106;104957;Rate;Antall;Innbyggere;2015-2017
8;17;Urininkontinens;Førde;4;Kirurgisk behandling av fremfall og inkontinens;15.82;69;43540;Rate;Antall;Innbyggere;2015-2017
9;17;Urininkontinens;Bergen;4;Kirurgisk behandling av fremfall og inkontinens;9.8;172;178531;Rate;Antall;Innbyggere;2015-2017
10;17;Urininkontinens;Fonna;4;Kirurgisk behandling av fremfall og inkontinens;13.63;96;70749;Rate;Antall;Innbyggere;2015-2017
11;17;Urininkontinens;Stavanger;4;Kirurgisk behandling av fremfall og inkontinens;10.28;143;140197;Rate;Antall;Innbyggere;2015-2017
12;17;Urininkontinens;Østfold;4;Kirurgisk behandling av fremfall og inkontinens;11.6;139;119927;Rate;Antall;Innbyggere;2015-2017
13;17;Urininkontinens;Akershus;4;Kirurgisk behandling av fremfall og inkontinens;6.93;143;201911;Rate;Antall;Innbyggere;2015-2017
14;17;Urininkontinens;OUS;4;Kirurgisk behandling av fremfall og inkontinens;8.41;92;109435;Rate;Antall;Innbyggere;2015-2017
15;17;Urininkontinens;Lovisenberg;4;Kirurgisk behandling av fremfall og inkontinens;3.77;18;62639;Rate;Antall;Innbyggere;2015-2017
16;17;Urininkontinens;Diakonhjemmet;4;Kirurgisk behandling av fremfall og inkontinens;7.01;40;59811;Rate;Antall;Innbyggere;2015-2017
17;17;Urininkontinens;Innlandet;4;Kirurgisk behandling av fremfall og inkontinens;13.3;223;166569;Rate;Antall;Innbyggere;2015-2017
18;17;Urininkontinens;Vestre Viken;4;Kirurgisk behandling av fremfall og inkontinens;12.34;245;196644;Rate;Antall;Innbyggere;2015-2017
19;17;Urininkontinens;Vestfold;4;Kirurgisk behandling av fremfall og inkontinens;18.13;177;95564;Rate;Antall;Innbyggere;2015-2017
20;17;Urininkontinens;Telemark;4;Kirurgisk behandling av fremfall og inkontinens;15.51;111;71665;Rate;Antall;Innbyggere;2015-2017
21;17;Urininkontinens;Sørlandet;4;Kirurgisk behandling av fremfall og inkontinens;12.02;144;120307;Rate;Antall;Innbyggere;2015-2017
8888;17;Urininkontinens;Norge;4;Kirurgisk behandling av fremfall og inkontinens;12.33;2614;2121287;Rate;Antall;Innbyggere;2015-2017
